[
{
  "fields": {
    "clipboard": 1,
    "user": 1,
    "language": "pl"
  },
  "model": "cms.usersettings",
  "pk": 1
},
{
  "fields": {
    "slot": "clipboard",
    "default_width": null
  },
  "model": "cms.placeholder",
  "pk": 1
},
{
  "fields": {
    "slot": "teaser",
    "default_width": null
  },
  "model": "cms.placeholder",
  "pk": 2
},
{
  "fields": {
    "slot": "page_content",
    "default_width": null
  },
  "model": "cms.placeholder",
  "pk": 3
},
{
  "fields": {
    "slot": "teaser",
    "default_width": null
  },
  "model": "cms.placeholder",
  "pk": 4
},
{
  "fields": {
    "slot": "page_content",
    "default_width": null
  },
  "model": "cms.placeholder",
  "pk": 5
},
{
  "fields": {
    "slot": "teaser",
    "default_width": null
  },
  "model": "cms.placeholder",
  "pk": 6
},
{
  "fields": {
    "slot": "page_content",
    "default_width": null
  },
  "model": "cms.placeholder",
  "pk": 7
},
{
  "fields": {
    "slot": "start_news",
    "default_width": null
  },
  "model": "cms.placeholder",
  "pk": 8
},
{
  "fields": {
    "slot": "content2",
    "default_width": null
  },
  "model": "cms.placeholder",
  "pk": 9
},
{
  "fields": {
    "slot": "teaser",
    "default_width": null
  },
  "model": "cms.placeholder",
  "pk": 10
},
{
  "fields": {
    "slot": "page_content",
    "default_width": null
  },
  "model": "cms.placeholder",
  "pk": 11
},
{
  "fields": {
    "slot": "teaser",
    "default_width": null
  },
  "model": "cms.placeholder",
  "pk": 12
},
{
  "fields": {
    "slot": "page_content",
    "default_width": null
  },
  "model": "cms.placeholder",
  "pk": 13
},
{
  "fields": {
    "slot": "teaser",
    "default_width": null
  },
  "model": "cms.placeholder",
  "pk": 14
},
{
  "fields": {
    "slot": "page_content",
    "default_width": null
  },
  "model": "cms.placeholder",
  "pk": 15
},
{
  "fields": {
    "slot": "teaser",
    "default_width": null
  },
  "model": "cms.placeholder",
  "pk": 16
},
{
  "fields": {
    "slot": "page_content",
    "default_width": null
  },
  "model": "cms.placeholder",
  "pk": 17
},
{
  "fields": {
    "slot": "teaser",
    "default_width": null
  },
  "model": "cms.placeholder",
  "pk": 18
},
{
  "fields": {
    "slot": "page_content",
    "default_width": null
  },
  "model": "cms.placeholder",
  "pk": 19
},
{
  "fields": {
    "slot": "teaser",
    "default_width": null
  },
  "model": "cms.placeholder",
  "pk": 20
},
{
  "fields": {
    "slot": "page_content",
    "default_width": null
  },
  "model": "cms.placeholder",
  "pk": 21
},
{
  "fields": {
    "slot": "teaser",
    "default_width": null
  },
  "model": "cms.placeholder",
  "pk": 22
},
{
  "fields": {
    "slot": "page_content",
    "default_width": null
  },
  "model": "cms.placeholder",
  "pk": 23
},
{
  "fields": {
    "slot": "teaser",
    "default_width": null
  },
  "model": "cms.placeholder",
  "pk": 24
},
{
  "fields": {
    "slot": "page_content",
    "default_width": null
  },
  "model": "cms.placeholder",
  "pk": 25
},
{
  "fields": {
    "slot": "teaser",
    "default_width": null
  },
  "model": "cms.placeholder",
  "pk": 26
},
{
  "fields": {
    "slot": "page_content",
    "default_width": null
  },
  "model": "cms.placeholder",
  "pk": 27
},
{
  "fields": {
    "slot": "teaser",
    "default_width": null
  },
  "model": "cms.placeholder",
  "pk": 28
},
{
  "fields": {
    "slot": "page_content",
    "default_width": null
  },
  "model": "cms.placeholder",
  "pk": 29
},
{
  "fields": {
    "slot": "teaser",
    "default_width": null
  },
  "model": "cms.placeholder",
  "pk": 30
},
{
  "fields": {
    "slot": "page_content",
    "default_width": null
  },
  "model": "cms.placeholder",
  "pk": 31
},
{
  "fields": {
    "slot": "teaser",
    "default_width": null
  },
  "model": "cms.placeholder",
  "pk": 32
},
{
  "fields": {
    "slot": "page_content",
    "default_width": null
  },
  "model": "cms.placeholder",
  "pk": 33
},
{
  "fields": {
    "slot": "teaser",
    "default_width": null
  },
  "model": "cms.placeholder",
  "pk": 34
},
{
  "fields": {
    "slot": "page_content",
    "default_width": null
  },
  "model": "cms.placeholder",
  "pk": 35
},
{
  "fields": {
    "slot": "teaser",
    "default_width": null
  },
  "model": "cms.placeholder",
  "pk": 36
},
{
  "fields": {
    "slot": "page_content",
    "default_width": null
  },
  "model": "cms.placeholder",
  "pk": 37
},
{
  "fields": {
    "slot": "teaser",
    "default_width": null
  },
  "model": "cms.placeholder",
  "pk": 38
},
{
  "fields": {
    "slot": "page_content",
    "default_width": null
  },
  "model": "cms.placeholder",
  "pk": 39
},
{
  "fields": {
    "slot": "page_content",
    "default_width": null
  },
  "model": "cms.placeholder",
  "pk": 40
},
{
  "fields": {
    "slot": "page_content",
    "default_width": null
  },
  "model": "cms.placeholder",
  "pk": 41
},
{
  "fields": {
    "slot": "page_content",
    "default_width": null
  },
  "model": "cms.placeholder",
  "pk": 42
},
{
  "fields": {
    "slot": "start_news",
    "default_width": null
  },
  "model": "cms.placeholder",
  "pk": 43
},
{
  "fields": {
    "slot": "content2",
    "default_width": null
  },
  "model": "cms.placeholder",
  "pk": 44
},
{
  "fields": {
    "slot": "page_content",
    "default_width": null
  },
  "model": "cms.placeholder",
  "pk": 45
},
{
  "fields": {
    "slot": "page_content",
    "default_width": null
  },
  "model": "cms.placeholder",
  "pk": 46
},
{
  "fields": {
    "slot": "page_content",
    "default_width": null
  },
  "model": "cms.placeholder",
  "pk": 47
},
{
  "fields": {
    "slot": "page_content",
    "default_width": null
  },
  "model": "cms.placeholder",
  "pk": 48
},
{
  "fields": {
    "slot": "page_content",
    "default_width": null
  },
  "model": "cms.placeholder",
  "pk": 49
},
{
  "fields": {
    "slot": "page_content",
    "default_width": null
  },
  "model": "cms.placeholder",
  "pk": 50
},
{
  "fields": {
    "slot": "page_content",
    "default_width": null
  },
  "model": "cms.placeholder",
  "pk": 51
},
{
  "fields": {
    "slot": "page_content",
    "default_width": null
  },
  "model": "cms.placeholder",
  "pk": 52
},
{
  "fields": {
    "slot": "page_content",
    "default_width": null
  },
  "model": "cms.placeholder",
  "pk": 53
},
{
  "fields": {
    "slot": "page_content",
    "default_width": null
  },
  "model": "cms.placeholder",
  "pk": 54
},
{
  "fields": {
    "slot": "page_content",
    "default_width": null
  },
  "model": "cms.placeholder",
  "pk": 55
},
{
  "fields": {
    "slot": "page_content",
    "default_width": null
  },
  "model": "cms.placeholder",
  "pk": 56
},
{
  "fields": {
    "slot": "page_content",
    "default_width": null
  },
  "model": "cms.placeholder",
  "pk": 57
},
{
  "fields": {
    "slot": "page_content",
    "default_width": null
  },
  "model": "cms.placeholder",
  "pk": 58
},
{
  "fields": {
    "slot": "page_content",
    "default_width": null
  },
  "model": "cms.placeholder",
  "pk": 59
},
{
  "fields": {
    "slot": "page_content",
    "default_width": null
  },
  "model": "cms.placeholder",
  "pk": 60
},
{
  "fields": {
    "slot": "page_content",
    "default_width": null
  },
  "model": "cms.placeholder",
  "pk": 61
},
{
  "fields": {
    "slot": "page_content",
    "default_width": null
  },
  "model": "cms.placeholder",
  "pk": 62
},
{
  "fields": {
    "slot": "page_content",
    "default_width": null
  },
  "model": "cms.placeholder",
  "pk": 63
},
{
  "fields": {
    "slot": "page_content",
    "default_width": null
  },
  "model": "cms.placeholder",
  "pk": 64
},
{
  "fields": {
    "slot": "page_content",
    "default_width": null
  },
  "model": "cms.placeholder",
  "pk": 65
},
{
  "fields": {
    "slot": "page_content",
    "default_width": null
  },
  "model": "cms.placeholder",
  "pk": 66
},
{
  "fields": {
    "slot": "page_content",
    "default_width": null
  },
  "model": "cms.placeholder",
  "pk": 67
},
{
  "fields": {
    "slot": "page_content",
    "default_width": null
  },
  "model": "cms.placeholder",
  "pk": 68
},
{
  "fields": {
    "slot": "page_content",
    "default_width": null
  },
  "model": "cms.placeholder",
  "pk": 69
},
{
  "fields": {
    "slot": "page_content",
    "default_width": null
  },
  "model": "cms.placeholder",
  "pk": 70
},
{
  "fields": {
    "slot": "page_content",
    "default_width": null
  },
  "model": "cms.placeholder",
  "pk": 71
},
{
  "fields": {
    "slot": "page_content",
    "default_width": null
  },
  "model": "cms.placeholder",
  "pk": 72
},
{
  "fields": {
    "slot": "page_content",
    "default_width": null
  },
  "model": "cms.placeholder",
  "pk": 73
},
{
  "fields": {
    "slot": "page_content",
    "default_width": null
  },
  "model": "cms.placeholder",
  "pk": 74
},
{
  "fields": {
    "slot": "page_content",
    "default_width": null
  },
  "model": "cms.placeholder",
  "pk": 75
},
{
  "fields": {
    "slot": "page_content",
    "default_width": null
  },
  "model": "cms.placeholder",
  "pk": 76
},
{
  "fields": {
    "slot": "page_content",
    "default_width": null
  },
  "model": "cms.placeholder",
  "pk": 77
},
{
  "fields": {
    "slot": "page_content",
    "default_width": null
  },
  "model": "cms.placeholder",
  "pk": 78
},
{
  "fields": {
    "slot": "page_content",
    "default_width": null
  },
  "model": "cms.placeholder",
  "pk": 79
},
{
  "fields": {
    "slot": "page_content",
    "default_width": null
  },
  "model": "cms.placeholder",
  "pk": 80
},
{
  "fields": {
    "slot": "page_content",
    "default_width": null
  },
  "model": "cms.placeholder",
  "pk": 81
},
{
  "fields": {
    "slot": "page_content",
    "default_width": null
  },
  "model": "cms.placeholder",
  "pk": 82
},
{
  "fields": {
    "slot": "page_content",
    "default_width": null
  },
  "model": "cms.placeholder",
  "pk": 83
},
{
  "fields": {
    "slot": "page_content",
    "default_width": null
  },
  "model": "cms.placeholder",
  "pk": 84
},
{
  "fields": {
    "slot": "page_content",
    "default_width": null
  },
  "model": "cms.placeholder",
  "pk": 85
},
{
  "fields": {
    "slot": "page_content",
    "default_width": null
  },
  "model": "cms.placeholder",
  "pk": 86
},
{
  "fields": {
    "slot": "page_content",
    "default_width": null
  },
  "model": "cms.placeholder",
  "pk": 87
},
{
  "fields": {
    "slot": "page_content",
    "default_width": null
  },
  "model": "cms.placeholder",
  "pk": 88
},
{
  "fields": {
    "slot": "page_content",
    "default_width": null
  },
  "model": "cms.placeholder",
  "pk": 89
},
{
  "fields": {
    "rght": 2,
    "changed_date": "2015-05-08T12:02:56.792Z",
    "parent": null,
    "language": "pl",
    "level": 0,
    "creation_date": "2015-05-07T14:12:05.716Z",
    "lft": 1,
    "tree_id": 1,
    "position": 0,
    "placeholder": 13,
    "plugin_type": "TextPlugin"
  },
  "model": "cms.cmsplugin",
  "pk": 1
},
{
  "fields": {
    "rght": 2,
    "changed_date": "2015-05-08T12:05:34.238Z",
    "parent": null,
    "language": "pl",
    "level": 0,
    "creation_date": "2015-05-07T17:09:44.154Z",
    "lft": 1,
    "tree_id": 3,
    "position": 0,
    "placeholder": 19,
    "plugin_type": "TextPlugin"
  },
  "model": "cms.cmsplugin",
  "pk": 3
},
{
  "fields": {
    "rght": 2,
    "changed_date": "2015-05-08T05:13:07.750Z",
    "parent": null,
    "language": "pl",
    "level": 0,
    "creation_date": "2015-05-08T05:12:59.593Z",
    "lft": 1,
    "tree_id": 5,
    "position": 0,
    "placeholder": 21,
    "plugin_type": "TextPlugin"
  },
  "model": "cms.cmsplugin",
  "pk": 5
},
{
  "fields": {
    "rght": 2,
    "changed_date": "2015-05-08T05:17:49.784Z",
    "parent": null,
    "language": "pl",
    "level": 0,
    "creation_date": "2015-05-08T05:12:59.593Z",
    "lft": 1,
    "tree_id": 6,
    "position": 0,
    "placeholder": 29,
    "plugin_type": "TextPlugin"
  },
  "model": "cms.cmsplugin",
  "pk": 6
},
{
  "fields": {
    "rght": 2,
    "changed_date": "2015-05-08T12:06:02.822Z",
    "parent": null,
    "language": "pl",
    "level": 0,
    "creation_date": "2015-05-08T10:41:08.118Z",
    "lft": 1,
    "tree_id": 7,
    "position": 0,
    "placeholder": 40,
    "plugin_type": "TextPlugin"
  },
  "model": "cms.cmsplugin",
  "pk": 8
},
{
  "fields": {
    "rght": 2,
    "changed_date": "2015-05-08T12:06:34.352Z",
    "parent": null,
    "language": "pl",
    "level": 0,
    "creation_date": "2015-05-08T11:04:43.832Z",
    "lft": 1,
    "tree_id": 8,
    "position": 0,
    "placeholder": 41,
    "plugin_type": "TextPlugin"
  },
  "model": "cms.cmsplugin",
  "pk": 9
},
{
  "fields": {
    "rght": 2,
    "changed_date": "2015-05-08T12:31:15.893Z",
    "parent": null,
    "language": "pl",
    "level": 0,
    "creation_date": "2015-05-08T11:48:26.056Z",
    "lft": 1,
    "tree_id": 10,
    "position": 0,
    "placeholder": 17,
    "plugin_type": "TextPlugin"
  },
  "model": "cms.cmsplugin",
  "pk": 11
},
{
  "fields": {
    "rght": 2,
    "changed_date": "2015-05-08T12:05:10.640Z",
    "parent": null,
    "language": "pl",
    "level": 0,
    "creation_date": "2015-05-07T14:12:05.716Z",
    "lft": 1,
    "tree_id": 13,
    "position": 0,
    "placeholder": 25,
    "plugin_type": "TextPlugin"
  },
  "model": "cms.cmsplugin",
  "pk": 14
},
{
  "fields": {
    "rght": 2,
    "changed_date": "2015-05-08T12:05:46.890Z",
    "parent": null,
    "language": "pl",
    "level": 0,
    "creation_date": "2015-05-07T17:09:44.154Z",
    "lft": 1,
    "tree_id": 14,
    "position": 0,
    "placeholder": 27,
    "plugin_type": "TextPlugin"
  },
  "model": "cms.cmsplugin",
  "pk": 15
},
{
  "fields": {
    "rght": 2,
    "changed_date": "2015-05-08T12:11:33.047Z",
    "parent": null,
    "language": "pl",
    "level": 0,
    "creation_date": "2015-05-08T11:04:43.832Z",
    "lft": 1,
    "tree_id": 16,
    "position": 0,
    "placeholder": 42,
    "plugin_type": "TextPlugin"
  },
  "model": "cms.cmsplugin",
  "pk": 17
},
{
  "fields": {
    "rght": 2,
    "changed_date": "2015-05-08T12:13:31.383Z",
    "parent": null,
    "language": "pl",
    "level": 0,
    "creation_date": "2015-05-08T10:41:08.118Z",
    "lft": 1,
    "tree_id": 17,
    "position": 0,
    "placeholder": 45,
    "plugin_type": "TextPlugin"
  },
  "model": "cms.cmsplugin",
  "pk": 18
},
{
  "fields": {
    "rght": 2,
    "changed_date": "2015-05-08T12:31:30.551Z",
    "parent": null,
    "language": "pl",
    "level": 0,
    "creation_date": "2015-05-08T11:48:26.056Z",
    "lft": 1,
    "tree_id": 18,
    "position": 0,
    "placeholder": 31,
    "plugin_type": "TextPlugin"
  },
  "model": "cms.cmsplugin",
  "pk": 19
},
{
  "fields": {
    "rght": 2,
    "changed_date": "2015-05-14T11:40:13.404Z",
    "parent": null,
    "language": "pl",
    "level": 0,
    "creation_date": "2015-05-14T11:37:50.826Z",
    "lft": 1,
    "tree_id": 19,
    "position": 0,
    "placeholder": 46,
    "plugin_type": "TextPlugin"
  },
  "model": "cms.cmsplugin",
  "pk": 20
},
{
  "fields": {
    "rght": 2,
    "changed_date": "2015-05-14T11:40:28.102Z",
    "parent": null,
    "language": "pl",
    "level": 0,
    "creation_date": "2015-05-14T11:37:50.826Z",
    "lft": 1,
    "tree_id": 20,
    "position": 0,
    "placeholder": 49,
    "plugin_type": "TextPlugin"
  },
  "model": "cms.cmsplugin",
  "pk": 21
},
{
  "fields": {
    "rght": 2,
    "changed_date": "2015-05-14T11:48:40.852Z",
    "parent": null,
    "language": "pl",
    "level": 0,
    "creation_date": "2015-05-14T11:45:11.772Z",
    "lft": 1,
    "tree_id": 21,
    "position": 1,
    "placeholder": 64,
    "plugin_type": "CMSLatestEntriesPlugin"
  },
  "model": "cms.cmsplugin",
  "pk": 22
},
{
  "fields": {
    "rght": 2,
    "changed_date": "2015-05-14T11:48:41.361Z",
    "parent": null,
    "language": "pl",
    "level": 0,
    "creation_date": "2015-05-14T11:47:52.560Z",
    "lft": 1,
    "tree_id": 22,
    "position": 0,
    "placeholder": 64,
    "plugin_type": "TextPlugin"
  },
  "model": "cms.cmsplugin",
  "pk": 23
},
{
  "fields": {
    "rght": 2,
    "changed_date": "2015-05-14T11:50:05.198Z",
    "parent": null,
    "language": "pl",
    "level": 0,
    "creation_date": "2015-05-14T11:45:11.772Z",
    "lft": 1,
    "tree_id": 23,
    "position": 1,
    "placeholder": 65,
    "plugin_type": "CMSLatestEntriesPlugin"
  },
  "model": "cms.cmsplugin",
  "pk": 26
},
{
  "fields": {
    "rght": 2,
    "changed_date": "2015-05-14T11:50:05.464Z",
    "parent": null,
    "language": "pl",
    "level": 0,
    "creation_date": "2015-05-14T11:47:52.560Z",
    "lft": 1,
    "tree_id": 24,
    "position": 0,
    "placeholder": 65,
    "plugin_type": "TextPlugin"
  },
  "model": "cms.cmsplugin",
  "pk": 27
},
{
  "fields": {
    "rght": 2,
    "changed_date": "2015-05-14T11:54:05.950Z",
    "parent": null,
    "language": "pl",
    "level": 0,
    "creation_date": "2015-05-14T11:54:05.895Z",
    "lft": 1,
    "tree_id": 25,
    "position": null,
    "placeholder": 1,
    "plugin_type": "AliasPlugin"
  },
  "model": "cms.cmsplugin",
  "pk": 29
},
{
  "fields": {
    "rght": 2,
    "changed_date": "2015-05-14T11:54:50.375Z",
    "parent": null,
    "language": "pl",
    "level": 0,
    "creation_date": "2015-05-14T11:54:05.895Z",
    "lft": 1,
    "tree_id": 26,
    "position": null,
    "placeholder": 66,
    "plugin_type": "AliasPlugin"
  },
  "model": "cms.cmsplugin",
  "pk": 30
},
{
  "fields": {
    "rght": 2,
    "changed_date": "2015-05-14T11:55:01.543Z",
    "parent": null,
    "language": "pl",
    "level": 0,
    "creation_date": "2015-05-14T11:54:05.895Z",
    "lft": 1,
    "tree_id": 27,
    "position": null,
    "placeholder": 67,
    "plugin_type": "AliasPlugin"
  },
  "model": "cms.cmsplugin",
  "pk": 32
},
{
  "fields": {
    "rght": 2,
    "navigation_extenders": "",
    "site": 1,
    "application_namespace": null,
    "lft": 1,
    "in_navigation": false,
    "reverse_id": null,
    "login_required": false,
    "created_by": "js",
    "languages": "pl",
    "publication_end_date": null,
    "template": "start.html",
    "tree_id": 1,
    "placeholders": [
      2,
      3,
      8,
      9
    ],
    "changed_date": "2015-05-15T13:45:12.466Z",
    "limit_visibility_in_menu": null,
    "parent": null,
    "soft_root": false,
    "is_home": true,
    "publication_date": "2015-05-07T12:23:31.152Z",
    "creation_date": "2015-05-07T12:23:30.925Z",
    "publisher_public": 2,
    "level": 0,
    "changed_by": "js",
    "application_urls": "",
    "publisher_is_draft": true,
    "xframe_options": 0,
    "revision_id": 0
  },
  "model": "cms.page",
  "pk": 1
},
{
  "fields": {
    "rght": 2,
    "navigation_extenders": "",
    "site": 1,
    "application_namespace": null,
    "lft": 1,
    "in_navigation": false,
    "reverse_id": null,
    "login_required": false,
    "created_by": "js",
    "languages": "pl",
    "publication_end_date": null,
    "template": "start.html",
    "tree_id": 2,
    "placeholders": [
      4,
      5,
      43,
      44
    ],
    "changed_date": "2015-05-15T13:45:11.496Z",
    "limit_visibility_in_menu": null,
    "parent": null,
    "soft_root": false,
    "is_home": true,
    "publication_date": "2015-05-07T12:23:31.152Z",
    "creation_date": "2015-05-07T12:23:31.156Z",
    "publisher_public": 1,
    "level": 0,
    "changed_by": "js",
    "application_urls": "",
    "publisher_is_draft": false,
    "xframe_options": 0,
    "revision_id": 0
  },
  "model": "cms.page",
  "pk": 2
},
{
  "fields": {
    "rght": 2,
    "navigation_extenders": "",
    "site": 1,
    "application_namespace": "zinnia",
    "lft": 1,
    "in_navigation": true,
    "reverse_id": null,
    "login_required": false,
    "created_by": "js",
    "languages": "pl",
    "publication_end_date": null,
    "template": "article.html",
    "tree_id": 17,
    "placeholders": [
      6,
      7
    ],
    "changed_date": "2015-05-14T10:45:15.640Z",
    "limit_visibility_in_menu": null,
    "parent": null,
    "soft_root": false,
    "is_home": false,
    "publication_date": "2015-05-07T12:27:42.375Z",
    "creation_date": "2015-05-07T12:23:39.565Z",
    "publisher_public": 16,
    "level": 0,
    "changed_by": "js",
    "application_urls": "ZinniaApphook",
    "publisher_is_draft": true,
    "xframe_options": 0,
    "revision_id": 0
  },
  "model": "cms.page",
  "pk": 3
},
{
  "fields": {
    "rght": 2,
    "navigation_extenders": null,
    "site": 1,
    "application_namespace": null,
    "lft": 1,
    "in_navigation": true,
    "reverse_id": null,
    "login_required": false,
    "created_by": "js",
    "languages": "pl",
    "publication_end_date": null,
    "template": "article.html",
    "tree_id": 20,
    "placeholders": [
      10,
      11
    ],
    "changed_date": "2015-05-07T12:27:49.257Z",
    "limit_visibility_in_menu": null,
    "parent": null,
    "soft_root": false,
    "is_home": false,
    "publication_date": "2015-05-07T12:27:48.902Z",
    "creation_date": "2015-05-07T12:24:10.435Z",
    "publisher_public": 17,
    "level": 0,
    "changed_by": "js",
    "application_urls": null,
    "publisher_is_draft": true,
    "xframe_options": 0,
    "revision_id": 0
  },
  "model": "cms.page",
  "pk": 4
},
{
  "fields": {
    "rght": 10,
    "navigation_extenders": null,
    "site": 1,
    "application_namespace": null,
    "lft": 1,
    "in_navigation": true,
    "reverse_id": null,
    "login_required": false,
    "created_by": "js",
    "languages": "pl",
    "publication_end_date": null,
    "template": "article.html",
    "tree_id": 3,
    "placeholders": [
      12,
      13
    ],
    "changed_date": "2015-05-08T12:05:10.838Z",
    "limit_visibility_in_menu": null,
    "parent": null,
    "soft_root": false,
    "is_home": false,
    "publication_date": "2015-05-07T12:26:51.001Z",
    "creation_date": "2015-05-07T12:24:23.861Z",
    "publisher_public": 11,
    "level": 0,
    "changed_by": "js",
    "application_urls": null,
    "publisher_is_draft": true,
    "xframe_options": 0,
    "revision_id": 0
  },
  "model": "cms.page",
  "pk": 5
},
{
  "fields": {
    "rght": 5,
    "navigation_extenders": null,
    "site": 1,
    "application_namespace": null,
    "lft": 4,
    "in_navigation": true,
    "reverse_id": null,
    "login_required": false,
    "created_by": "js",
    "languages": "pl",
    "publication_end_date": null,
    "template": "article.html",
    "tree_id": 5,
    "placeholders": [
      14,
      15
    ],
    "changed_date": "2015-05-14T10:29:17.486Z",
    "limit_visibility_in_menu": null,
    "parent": 23,
    "soft_root": false,
    "is_home": false,
    "publication_date": "2015-05-07T12:27:58.722Z",
    "creation_date": "2015-05-07T12:24:31.865Z",
    "publisher_public": 18,
    "level": 1,
    "changed_by": "js",
    "application_urls": null,
    "publisher_is_draft": true,
    "xframe_options": 0,
    "revision_id": 0
  },
  "model": "cms.page",
  "pk": 6
},
{
  "fields": {
    "rght": 3,
    "navigation_extenders": null,
    "site": 1,
    "application_namespace": null,
    "lft": 2,
    "in_navigation": true,
    "reverse_id": null,
    "login_required": false,
    "created_by": "js",
    "languages": "pl",
    "publication_end_date": null,
    "template": "article.html",
    "tree_id": 5,
    "placeholders": [
      16,
      17
    ],
    "changed_date": "2015-05-14T10:29:05.841Z",
    "limit_visibility_in_menu": null,
    "parent": 23,
    "soft_root": false,
    "is_home": false,
    "publication_date": "2015-05-07T12:27:28.614Z",
    "creation_date": "2015-05-07T12:24:47.063Z",
    "publisher_public": 14,
    "level": 1,
    "changed_by": "js",
    "application_urls": null,
    "publisher_is_draft": true,
    "xframe_options": 0,
    "revision_id": 0
  },
  "model": "cms.page",
  "pk": 7
},
{
  "fields": {
    "rght": 7,
    "navigation_extenders": null,
    "site": 1,
    "application_namespace": null,
    "lft": 2,
    "in_navigation": true,
    "reverse_id": null,
    "login_required": false,
    "created_by": "js",
    "languages": "pl",
    "publication_end_date": null,
    "template": "article.html",
    "tree_id": 3,
    "placeholders": [
      18,
      19
    ],
    "changed_date": "2015-05-08T12:05:47.007Z",
    "limit_visibility_in_menu": null,
    "parent": 5,
    "soft_root": false,
    "is_home": false,
    "publication_date": "2015-05-07T12:26:59.016Z",
    "creation_date": "2015-05-07T12:24:59.124Z",
    "publisher_public": 12,
    "level": 1,
    "changed_by": "js",
    "application_urls": null,
    "publisher_is_draft": true,
    "xframe_options": 0,
    "revision_id": 0
  },
  "model": "cms.page",
  "pk": 8
},
{
  "fields": {
    "rght": 9,
    "navigation_extenders": null,
    "site": 1,
    "application_namespace": null,
    "lft": 8,
    "in_navigation": true,
    "reverse_id": null,
    "login_required": false,
    "created_by": "js",
    "languages": "pl",
    "publication_end_date": null,
    "template": "article.html",
    "tree_id": 3,
    "placeholders": [
      20,
      21
    ],
    "changed_date": "2015-05-08T05:17:49.893Z",
    "limit_visibility_in_menu": null,
    "parent": 5,
    "soft_root": false,
    "is_home": false,
    "publication_date": "2015-05-07T12:27:19.714Z",
    "creation_date": "2015-05-07T12:25:08.761Z",
    "publisher_public": 13,
    "level": 1,
    "changed_by": "js",
    "application_urls": null,
    "publisher_is_draft": true,
    "xframe_options": 0,
    "revision_id": 0
  },
  "model": "cms.page",
  "pk": 9
},
{
  "fields": {
    "rght": 7,
    "navigation_extenders": null,
    "site": 1,
    "application_namespace": null,
    "lft": 6,
    "in_navigation": true,
    "reverse_id": null,
    "login_required": false,
    "created_by": "js",
    "languages": "pl",
    "publication_end_date": null,
    "template": "article.html",
    "tree_id": 5,
    "placeholders": [
      22,
      23
    ],
    "changed_date": "2015-05-14T10:29:20.016Z",
    "limit_visibility_in_menu": null,
    "parent": 23,
    "soft_root": false,
    "is_home": false,
    "publication_date": "2015-05-07T12:27:35.594Z",
    "creation_date": "2015-05-07T12:26:27.302Z",
    "publisher_public": 15,
    "level": 1,
    "changed_by": "js",
    "application_urls": null,
    "publisher_is_draft": true,
    "xframe_options": 0,
    "revision_id": 0
  },
  "model": "cms.page",
  "pk": 10
},
{
  "fields": {
    "rght": 10,
    "navigation_extenders": null,
    "site": 1,
    "application_namespace": null,
    "lft": 1,
    "in_navigation": true,
    "reverse_id": null,
    "login_required": false,
    "created_by": "js",
    "languages": "pl",
    "publication_end_date": null,
    "template": "article.html",
    "tree_id": 4,
    "placeholders": [
      24,
      25
    ],
    "changed_date": "2015-05-08T12:05:10.645Z",
    "limit_visibility_in_menu": null,
    "parent": null,
    "soft_root": false,
    "is_home": false,
    "publication_date": "2015-05-07T12:26:51.001Z",
    "creation_date": "2015-05-07T12:26:51.009Z",
    "publisher_public": 5,
    "level": 0,
    "changed_by": "js",
    "application_urls": null,
    "publisher_is_draft": false,
    "xframe_options": 0,
    "revision_id": 0
  },
  "model": "cms.page",
  "pk": 11
},
{
  "fields": {
    "rght": 7,
    "navigation_extenders": null,
    "site": 1,
    "application_namespace": null,
    "lft": 2,
    "in_navigation": true,
    "reverse_id": null,
    "login_required": false,
    "created_by": "js",
    "languages": "pl",
    "publication_end_date": null,
    "template": "article.html",
    "tree_id": 4,
    "placeholders": [
      26,
      27
    ],
    "changed_date": "2015-05-08T12:05:46.895Z",
    "limit_visibility_in_menu": null,
    "parent": 11,
    "soft_root": false,
    "is_home": false,
    "publication_date": "2015-05-07T12:26:59.016Z",
    "creation_date": "2015-05-07T12:26:59.023Z",
    "publisher_public": 8,
    "level": 1,
    "changed_by": "js",
    "application_urls": null,
    "publisher_is_draft": false,
    "xframe_options": 0,
    "revision_id": 0
  },
  "model": "cms.page",
  "pk": 12
},
{
  "fields": {
    "rght": 9,
    "navigation_extenders": null,
    "site": 1,
    "application_namespace": null,
    "lft": 8,
    "in_navigation": true,
    "reverse_id": null,
    "login_required": false,
    "created_by": "js",
    "languages": "pl",
    "publication_end_date": null,
    "template": "article.html",
    "tree_id": 4,
    "placeholders": [
      28,
      29
    ],
    "changed_date": "2015-05-08T05:17:49.787Z",
    "limit_visibility_in_menu": null,
    "parent": 11,
    "soft_root": false,
    "is_home": false,
    "publication_date": "2015-05-07T12:27:19.714Z",
    "creation_date": "2015-05-07T12:27:19.729Z",
    "publisher_public": 9,
    "level": 1,
    "changed_by": "js",
    "application_urls": null,
    "publisher_is_draft": false,
    "xframe_options": 0,
    "revision_id": 0
  },
  "model": "cms.page",
  "pk": 13
},
{
  "fields": {
    "rght": 3,
    "navigation_extenders": null,
    "site": 1,
    "application_namespace": null,
    "lft": 2,
    "in_navigation": true,
    "reverse_id": null,
    "login_required": false,
    "created_by": "js",
    "languages": "pl",
    "publication_end_date": null,
    "template": "article.html",
    "tree_id": 6,
    "placeholders": [
      30,
      31
    ],
    "changed_date": "2015-05-14T10:32:43.338Z",
    "limit_visibility_in_menu": null,
    "parent": 26,
    "soft_root": false,
    "is_home": false,
    "publication_date": "2015-05-07T12:27:28.614Z",
    "creation_date": "2015-05-07T12:27:28.622Z",
    "publisher_public": 7,
    "level": 1,
    "changed_by": "js",
    "application_urls": null,
    "publisher_is_draft": false,
    "xframe_options": 0,
    "revision_id": 0
  },
  "model": "cms.page",
  "pk": 14
},
{
  "fields": {
    "rght": 7,
    "navigation_extenders": null,
    "site": 1,
    "application_namespace": null,
    "lft": 6,
    "in_navigation": true,
    "reverse_id": null,
    "login_required": false,
    "created_by": "js",
    "languages": "pl",
    "publication_end_date": null,
    "template": "article.html",
    "tree_id": 6,
    "placeholders": [
      32,
      33
    ],
    "changed_date": "2015-05-14T10:32:43.713Z",
    "limit_visibility_in_menu": null,
    "parent": 26,
    "soft_root": false,
    "is_home": false,
    "publication_date": "2015-05-07T12:27:35.594Z",
    "creation_date": "2015-05-07T12:27:35.603Z",
    "publisher_public": 10,
    "level": 1,
    "changed_by": "js",
    "application_urls": null,
    "publisher_is_draft": false,
    "xframe_options": 0,
    "revision_id": 0
  },
  "model": "cms.page",
  "pk": 15
},
{
  "fields": {
    "rght": 2,
    "navigation_extenders": "",
    "site": 1,
    "application_namespace": "zinnia",
    "lft": 1,
    "in_navigation": true,
    "reverse_id": null,
    "login_required": false,
    "created_by": "js",
    "languages": "pl",
    "publication_end_date": null,
    "template": "article.html",
    "tree_id": 18,
    "placeholders": [
      34,
      35
    ],
    "changed_date": "2015-05-14T10:45:14.842Z",
    "limit_visibility_in_menu": null,
    "parent": null,
    "soft_root": false,
    "is_home": false,
    "publication_date": "2015-05-07T12:27:42.375Z",
    "creation_date": "2015-05-07T12:27:42.381Z",
    "publisher_public": 3,
    "level": 0,
    "changed_by": "js",
    "application_urls": "ZinniaApphook",
    "publisher_is_draft": false,
    "xframe_options": 0,
    "revision_id": 0
  },
  "model": "cms.page",
  "pk": 16
},
{
  "fields": {
    "rght": 2,
    "navigation_extenders": null,
    "site": 1,
    "application_namespace": null,
    "lft": 1,
    "in_navigation": true,
    "reverse_id": null,
    "login_required": false,
    "created_by": "js",
    "languages": "pl",
    "publication_end_date": null,
    "template": "article.html",
    "tree_id": 21,
    "placeholders": [
      36,
      37
    ],
    "changed_date": "2015-05-07T12:27:49.111Z",
    "limit_visibility_in_menu": null,
    "parent": null,
    "soft_root": false,
    "is_home": false,
    "publication_date": "2015-05-07T12:27:48.902Z",
    "creation_date": "2015-05-07T12:27:48.909Z",
    "publisher_public": 4,
    "level": 0,
    "changed_by": "js",
    "application_urls": null,
    "publisher_is_draft": false,
    "xframe_options": 0,
    "revision_id": 0
  },
  "model": "cms.page",
  "pk": 17
},
{
  "fields": {
    "rght": 5,
    "navigation_extenders": null,
    "site": 1,
    "application_namespace": null,
    "lft": 4,
    "in_navigation": true,
    "reverse_id": null,
    "login_required": false,
    "created_by": "js",
    "languages": "pl",
    "publication_end_date": null,
    "template": "article.html",
    "tree_id": 6,
    "placeholders": [
      38,
      39
    ],
    "changed_date": "2015-05-14T10:32:43.526Z",
    "limit_visibility_in_menu": null,
    "parent": 26,
    "soft_root": false,
    "is_home": false,
    "publication_date": "2015-05-07T12:27:58.722Z",
    "creation_date": "2015-05-07T12:27:58.728Z",
    "publisher_public": 6,
    "level": 1,
    "changed_by": "js",
    "application_urls": null,
    "publisher_is_draft": false,
    "xframe_options": 0,
    "revision_id": 0
  },
  "model": "cms.page",
  "pk": 18
},
{
  "fields": {
    "rght": 4,
    "navigation_extenders": null,
    "site": 1,
    "application_namespace": null,
    "lft": 3,
    "in_navigation": true,
    "reverse_id": null,
    "login_required": false,
    "created_by": "js",
    "languages": "pl",
    "publication_end_date": null,
    "template": "person.html",
    "tree_id": 3,
    "placeholders": [
      40
    ],
    "changed_date": "2015-05-08T12:13:31.487Z",
    "limit_visibility_in_menu": null,
    "parent": 8,
    "soft_root": false,
    "is_home": false,
    "publication_date": "2015-05-08T12:01:57.056Z",
    "creation_date": "2015-05-08T10:40:14.154Z",
    "publisher_public": 22,
    "level": 2,
    "changed_by": "js",
    "application_urls": null,
    "publisher_is_draft": true,
    "xframe_options": 0,
    "revision_id": 0
  },
  "model": "cms.page",
  "pk": 19
},
{
  "fields": {
    "rght": 6,
    "navigation_extenders": null,
    "site": 1,
    "application_namespace": null,
    "lft": 5,
    "in_navigation": true,
    "reverse_id": null,
    "login_required": false,
    "created_by": "js",
    "languages": "pl",
    "publication_end_date": null,
    "template": "person.html",
    "tree_id": 3,
    "placeholders": [
      41
    ],
    "changed_date": "2015-05-08T12:11:33.156Z",
    "limit_visibility_in_menu": null,
    "parent": 8,
    "soft_root": false,
    "is_home": false,
    "publication_date": "2015-05-08T11:08:14.722Z",
    "creation_date": "2015-05-08T11:04:28.665Z",
    "publisher_public": 21,
    "level": 2,
    "changed_by": "js",
    "application_urls": null,
    "publisher_is_draft": true,
    "xframe_options": 0,
    "revision_id": 0
  },
  "model": "cms.page",
  "pk": 20
},
{
  "fields": {
    "rght": 6,
    "navigation_extenders": null,
    "site": 1,
    "application_namespace": null,
    "lft": 5,
    "in_navigation": true,
    "reverse_id": null,
    "login_required": false,
    "created_by": "js",
    "languages": "pl",
    "publication_end_date": null,
    "template": "person.html",
    "tree_id": 4,
    "placeholders": [
      42
    ],
    "changed_date": "2015-05-08T12:11:33.051Z",
    "limit_visibility_in_menu": null,
    "parent": 12,
    "soft_root": false,
    "is_home": false,
    "publication_date": "2015-05-08T11:08:14.722Z",
    "creation_date": "2015-05-08T11:08:14.728Z",
    "publisher_public": 20,
    "level": 2,
    "changed_by": "js",
    "application_urls": null,
    "publisher_is_draft": false,
    "xframe_options": 0,
    "revision_id": 0
  },
  "model": "cms.page",
  "pk": 21
},
{
  "fields": {
    "rght": 4,
    "navigation_extenders": null,
    "site": 1,
    "application_namespace": null,
    "lft": 3,
    "in_navigation": true,
    "reverse_id": null,
    "login_required": false,
    "created_by": "js",
    "languages": "pl",
    "publication_end_date": null,
    "template": "person.html",
    "tree_id": 4,
    "placeholders": [
      45
    ],
    "changed_date": "2015-05-08T12:13:31.387Z",
    "limit_visibility_in_menu": null,
    "parent": 12,
    "soft_root": false,
    "is_home": false,
    "publication_date": "2015-05-08T12:01:57.056Z",
    "creation_date": "2015-05-08T12:01:57.067Z",
    "publisher_public": 19,
    "level": 2,
    "changed_by": "js",
    "application_urls": null,
    "publisher_is_draft": false,
    "xframe_options": 0,
    "revision_id": 0
  },
  "model": "cms.page",
  "pk": 22
},
{
  "fields": {
    "rght": 22,
    "navigation_extenders": null,
    "site": 1,
    "application_namespace": null,
    "lft": 1,
    "in_navigation": true,
    "reverse_id": null,
    "login_required": false,
    "created_by": "js",
    "languages": "pl",
    "publication_end_date": null,
    "template": "article.html",
    "tree_id": 5,
    "placeholders": [
      46
    ],
    "changed_date": "2015-05-14T11:40:29.192Z",
    "limit_visibility_in_menu": null,
    "parent": null,
    "soft_root": false,
    "is_home": false,
    "publication_date": "2015-05-14T10:32:41.374Z",
    "creation_date": "2015-05-14T10:27:31.434Z",
    "publisher_public": 26,
    "level": 0,
    "changed_by": "js",
    "application_urls": null,
    "publisher_is_draft": true,
    "xframe_options": 0,
    "revision_id": 0
  },
  "model": "cms.page",
  "pk": 23
},
{
  "fields": {
    "rght": 4,
    "navigation_extenders": null,
    "site": 1,
    "application_namespace": null,
    "lft": 1,
    "in_navigation": true,
    "reverse_id": null,
    "login_required": false,
    "created_by": "js",
    "languages": "pl",
    "publication_end_date": null,
    "template": "article.html",
    "tree_id": 11,
    "placeholders": [
      47
    ],
    "changed_date": "2015-05-14T10:33:00.119Z",
    "limit_visibility_in_menu": null,
    "parent": null,
    "soft_root": false,
    "is_home": false,
    "publication_date": "2015-05-14T10:32:58.483Z",
    "creation_date": "2015-05-14T10:28:25.804Z",
    "publisher_public": 27,
    "level": 0,
    "changed_by": "js",
    "application_urls": null,
    "publisher_is_draft": true,
    "xframe_options": 0,
    "revision_id": 0
  },
  "model": "cms.page",
  "pk": 24
},
{
  "fields": {
    "rght": 24,
    "navigation_extenders": null,
    "site": 1,
    "application_namespace": null,
    "lft": 1,
    "in_navigation": true,
    "reverse_id": null,
    "login_required": false,
    "created_by": "js",
    "languages": "pl",
    "publication_end_date": null,
    "template": "article.html",
    "tree_id": 13,
    "placeholders": [
      48
    ],
    "changed_date": "2015-05-15T13:45:12.326Z",
    "limit_visibility_in_menu": null,
    "parent": null,
    "soft_root": false,
    "is_home": false,
    "publication_date": "2015-05-14T10:33:08.486Z",
    "creation_date": "2015-05-14T10:28:53.534Z",
    "publisher_public": 28,
    "level": 0,
    "changed_by": "js",
    "application_urls": null,
    "publisher_is_draft": true,
    "xframe_options": 0,
    "revision_id": 0
  },
  "model": "cms.page",
  "pk": 25
},
{
  "fields": {
    "rght": 22,
    "navigation_extenders": null,
    "site": 1,
    "application_namespace": null,
    "lft": 1,
    "in_navigation": true,
    "reverse_id": null,
    "login_required": false,
    "created_by": "js",
    "languages": "pl",
    "publication_end_date": null,
    "template": "article.html",
    "tree_id": 6,
    "placeholders": [
      49
    ],
    "changed_date": "2015-05-14T11:40:28.189Z",
    "limit_visibility_in_menu": null,
    "parent": null,
    "soft_root": false,
    "is_home": false,
    "publication_date": "2015-05-14T10:32:41.374Z",
    "creation_date": "2015-05-14T10:32:41.767Z",
    "publisher_public": 23,
    "level": 0,
    "changed_by": "js",
    "application_urls": null,
    "publisher_is_draft": false,
    "xframe_options": 0,
    "revision_id": 0
  },
  "model": "cms.page",
  "pk": 26
},
{
  "fields": {
    "rght": 4,
    "navigation_extenders": null,
    "site": 1,
    "application_namespace": null,
    "lft": 1,
    "in_navigation": true,
    "reverse_id": null,
    "login_required": false,
    "created_by": "js",
    "languages": "pl",
    "publication_end_date": null,
    "template": "article.html",
    "tree_id": 12,
    "placeholders": [
      50
    ],
    "changed_date": "2015-05-14T10:32:59.359Z",
    "limit_visibility_in_menu": null,
    "parent": null,
    "soft_root": false,
    "is_home": false,
    "publication_date": "2015-05-14T10:32:58.483Z",
    "creation_date": "2015-05-14T10:32:58.584Z",
    "publisher_public": 24,
    "level": 0,
    "changed_by": "js",
    "application_urls": null,
    "publisher_is_draft": false,
    "xframe_options": 0,
    "revision_id": 0
  },
  "model": "cms.page",
  "pk": 27
},
{
  "fields": {
    "rght": 24,
    "navigation_extenders": null,
    "site": 1,
    "application_namespace": null,
    "lft": 1,
    "in_navigation": true,
    "reverse_id": null,
    "login_required": false,
    "created_by": "js",
    "languages": "pl",
    "publication_end_date": null,
    "template": "article.html",
    "tree_id": 14,
    "placeholders": [
      51
    ],
    "changed_date": "2015-05-15T13:45:11.353Z",
    "limit_visibility_in_menu": null,
    "parent": null,
    "soft_root": false,
    "is_home": false,
    "publication_date": "2015-05-14T10:33:08.486Z",
    "creation_date": "2015-05-14T10:33:08.607Z",
    "publisher_public": 25,
    "level": 0,
    "changed_by": "js",
    "application_urls": null,
    "publisher_is_draft": false,
    "xframe_options": 0,
    "revision_id": 0
  },
  "model": "cms.page",
  "pk": 28
},
{
  "fields": {
    "rght": 9,
    "navigation_extenders": null,
    "site": 1,
    "application_namespace": null,
    "lft": 8,
    "in_navigation": true,
    "reverse_id": null,
    "login_required": false,
    "created_by": "js",
    "languages": "pl",
    "publication_end_date": null,
    "template": "article.html",
    "tree_id": 5,
    "placeholders": [
      52
    ],
    "changed_date": "2015-05-14T10:47:26.883Z",
    "limit_visibility_in_menu": null,
    "parent": 23,
    "soft_root": false,
    "is_home": false,
    "publication_date": "2015-05-14T10:47:25.786Z",
    "creation_date": "2015-05-14T10:46:43.489Z",
    "publisher_public": 30,
    "level": 1,
    "changed_by": "js",
    "application_urls": null,
    "publisher_is_draft": true,
    "xframe_options": 0,
    "revision_id": 0
  },
  "model": "cms.page",
  "pk": 29
},
{
  "fields": {
    "rght": 9,
    "navigation_extenders": null,
    "site": 1,
    "application_namespace": null,
    "lft": 8,
    "in_navigation": true,
    "reverse_id": null,
    "login_required": false,
    "created_by": "js",
    "languages": "pl",
    "publication_end_date": null,
    "template": "article.html",
    "tree_id": 6,
    "placeholders": [
      53
    ],
    "changed_date": "2015-05-14T10:47:26.439Z",
    "limit_visibility_in_menu": null,
    "parent": 26,
    "soft_root": false,
    "is_home": false,
    "publication_date": "2015-05-14T10:47:25.786Z",
    "creation_date": "2015-05-14T10:47:25.911Z",
    "publisher_public": 29,
    "level": 1,
    "changed_by": "js",
    "application_urls": null,
    "publisher_is_draft": false,
    "xframe_options": 0,
    "revision_id": 0
  },
  "model": "cms.page",
  "pk": 30
},
{
  "fields": {
    "rght": 11,
    "navigation_extenders": null,
    "site": 1,
    "application_namespace": null,
    "lft": 10,
    "in_navigation": true,
    "reverse_id": null,
    "login_required": false,
    "created_by": "js",
    "languages": "pl",
    "publication_end_date": null,
    "template": "article.html",
    "tree_id": 5,
    "placeholders": [
      54
    ],
    "changed_date": "2015-05-14T10:57:25.630Z",
    "limit_visibility_in_menu": null,
    "parent": 23,
    "soft_root": false,
    "is_home": false,
    "publication_date": "2015-05-14T10:57:24.479Z",
    "creation_date": "2015-05-14T10:47:48.240Z",
    "publisher_public": 34,
    "level": 1,
    "changed_by": "js",
    "application_urls": null,
    "publisher_is_draft": true,
    "xframe_options": 0,
    "revision_id": 0
  },
  "model": "cms.page",
  "pk": 31
},
{
  "fields": {
    "rght": 13,
    "navigation_extenders": null,
    "site": 1,
    "application_namespace": null,
    "lft": 12,
    "in_navigation": true,
    "reverse_id": null,
    "login_required": false,
    "created_by": "js",
    "languages": "pl",
    "publication_end_date": null,
    "template": "article.html",
    "tree_id": 5,
    "placeholders": [
      55
    ],
    "changed_date": "2015-05-14T10:58:16.962Z",
    "limit_visibility_in_menu": null,
    "parent": 23,
    "soft_root": false,
    "is_home": false,
    "publication_date": "2015-05-14T10:58:15.939Z",
    "creation_date": "2015-05-14T10:48:40.469Z",
    "publisher_public": 35,
    "level": 1,
    "changed_by": "js",
    "application_urls": null,
    "publisher_is_draft": true,
    "xframe_options": 0,
    "revision_id": 0
  },
  "model": "cms.page",
  "pk": 32
},
{
  "fields": {
    "rght": 15,
    "navigation_extenders": null,
    "site": 1,
    "application_namespace": null,
    "lft": 14,
    "in_navigation": true,
    "reverse_id": null,
    "login_required": false,
    "created_by": "js",
    "languages": "pl",
    "publication_end_date": null,
    "template": "article.html",
    "tree_id": 5,
    "placeholders": [
      56
    ],
    "changed_date": "2015-05-14T10:58:23.448Z",
    "limit_visibility_in_menu": null,
    "parent": 23,
    "soft_root": false,
    "is_home": false,
    "publication_date": "2015-05-14T10:58:22.067Z",
    "creation_date": "2015-05-14T10:49:33.290Z",
    "publisher_public": 36,
    "level": 1,
    "changed_by": "js",
    "application_urls": null,
    "publisher_is_draft": true,
    "xframe_options": 0,
    "revision_id": 0
  },
  "model": "cms.page",
  "pk": 33
},
{
  "fields": {
    "rght": 11,
    "navigation_extenders": null,
    "site": 1,
    "application_namespace": null,
    "lft": 10,
    "in_navigation": true,
    "reverse_id": null,
    "login_required": false,
    "created_by": "js",
    "languages": "pl",
    "publication_end_date": null,
    "template": "article.html",
    "tree_id": 6,
    "placeholders": [
      57
    ],
    "changed_date": "2015-05-14T10:57:25.112Z",
    "limit_visibility_in_menu": null,
    "parent": 26,
    "soft_root": false,
    "is_home": false,
    "publication_date": "2015-05-14T10:57:24.479Z",
    "creation_date": "2015-05-14T10:57:24.618Z",
    "publisher_public": 31,
    "level": 1,
    "changed_by": "js",
    "application_urls": null,
    "publisher_is_draft": false,
    "xframe_options": 0,
    "revision_id": 0
  },
  "model": "cms.page",
  "pk": 34
},
{
  "fields": {
    "rght": 13,
    "navigation_extenders": null,
    "site": 1,
    "application_namespace": null,
    "lft": 12,
    "in_navigation": true,
    "reverse_id": null,
    "login_required": false,
    "created_by": "js",
    "languages": "pl",
    "publication_end_date": null,
    "template": "article.html",
    "tree_id": 6,
    "placeholders": [
      58
    ],
    "changed_date": "2015-05-14T10:58:16.528Z",
    "limit_visibility_in_menu": null,
    "parent": 26,
    "soft_root": false,
    "is_home": false,
    "publication_date": "2015-05-14T10:58:15.939Z",
    "creation_date": "2015-05-14T10:58:16.063Z",
    "publisher_public": 32,
    "level": 1,
    "changed_by": "js",
    "application_urls": null,
    "publisher_is_draft": false,
    "xframe_options": 0,
    "revision_id": 0
  },
  "model": "cms.page",
  "pk": 35
},
{
  "fields": {
    "rght": 15,
    "navigation_extenders": null,
    "site": 1,
    "application_namespace": null,
    "lft": 14,
    "in_navigation": true,
    "reverse_id": null,
    "login_required": false,
    "created_by": "js",
    "languages": "pl",
    "publication_end_date": null,
    "template": "article.html",
    "tree_id": 6,
    "placeholders": [
      59
    ],
    "changed_date": "2015-05-14T10:58:22.712Z",
    "limit_visibility_in_menu": null,
    "parent": 26,
    "soft_root": false,
    "is_home": false,
    "publication_date": "2015-05-14T10:58:22.067Z",
    "creation_date": "2015-05-14T10:58:22.204Z",
    "publisher_public": 33,
    "level": 1,
    "changed_by": "js",
    "application_urls": null,
    "publisher_is_draft": false,
    "xframe_options": 0,
    "revision_id": 0
  },
  "model": "cms.page",
  "pk": 36
},
{
  "fields": {
    "rght": 17,
    "navigation_extenders": null,
    "site": 1,
    "application_namespace": null,
    "lft": 16,
    "in_navigation": true,
    "reverse_id": null,
    "login_required": false,
    "created_by": "js",
    "languages": "pl",
    "publication_end_date": null,
    "template": "article.html",
    "tree_id": 5,
    "placeholders": [
      60
    ],
    "changed_date": "2015-05-14T11:00:27.639Z",
    "limit_visibility_in_menu": null,
    "parent": 23,
    "soft_root": false,
    "is_home": false,
    "publication_date": "2015-05-14T11:00:26.563Z",
    "creation_date": "2015-05-14T10:59:08.600Z",
    "publisher_public": 39,
    "level": 1,
    "changed_by": "js",
    "application_urls": null,
    "publisher_is_draft": true,
    "xframe_options": 0,
    "revision_id": 0
  },
  "model": "cms.page",
  "pk": 37
},
{
  "fields": {
    "rght": 19,
    "navigation_extenders": null,
    "site": 1,
    "application_namespace": null,
    "lft": 18,
    "in_navigation": true,
    "reverse_id": null,
    "login_required": false,
    "created_by": "js",
    "languages": "pl",
    "publication_end_date": null,
    "template": "article.html",
    "tree_id": 5,
    "placeholders": [
      61
    ],
    "changed_date": "2015-05-14T11:00:37.293Z",
    "limit_visibility_in_menu": null,
    "parent": 23,
    "soft_root": false,
    "is_home": false,
    "publication_date": "2015-05-14T11:00:36.188Z",
    "creation_date": "2015-05-14T11:00:03.081Z",
    "publisher_public": 40,
    "level": 1,
    "changed_by": "js",
    "application_urls": null,
    "publisher_is_draft": true,
    "xframe_options": 0,
    "revision_id": 0
  },
  "model": "cms.page",
  "pk": 38
},
{
  "fields": {
    "rght": 17,
    "navigation_extenders": null,
    "site": 1,
    "application_namespace": null,
    "lft": 16,
    "in_navigation": true,
    "reverse_id": null,
    "login_required": false,
    "created_by": "js",
    "languages": "pl",
    "publication_end_date": null,
    "template": "article.html",
    "tree_id": 6,
    "placeholders": [
      62
    ],
    "changed_date": "2015-05-14T11:00:27.196Z",
    "limit_visibility_in_menu": null,
    "parent": 26,
    "soft_root": false,
    "is_home": false,
    "publication_date": "2015-05-14T11:00:26.563Z",
    "creation_date": "2015-05-14T11:00:26.710Z",
    "publisher_public": 37,
    "level": 1,
    "changed_by": "js",
    "application_urls": null,
    "publisher_is_draft": false,
    "xframe_options": 0,
    "revision_id": 0
  },
  "model": "cms.page",
  "pk": 39
},
{
  "fields": {
    "rght": 19,
    "navigation_extenders": null,
    "site": 1,
    "application_namespace": null,
    "lft": 18,
    "in_navigation": true,
    "reverse_id": null,
    "login_required": false,
    "created_by": "js",
    "languages": "pl",
    "publication_end_date": null,
    "template": "article.html",
    "tree_id": 6,
    "placeholders": [
      63
    ],
    "changed_date": "2015-05-14T11:00:36.829Z",
    "limit_visibility_in_menu": null,
    "parent": 26,
    "soft_root": false,
    "is_home": false,
    "publication_date": "2015-05-14T11:00:36.188Z",
    "creation_date": "2015-05-14T11:00:36.326Z",
    "publisher_public": 38,
    "level": 1,
    "changed_by": "js",
    "application_urls": null,
    "publisher_is_draft": false,
    "xframe_options": 0,
    "revision_id": 0
  },
  "model": "cms.page",
  "pk": 40
},
{
  "fields": {
    "rght": 21,
    "navigation_extenders": null,
    "site": 1,
    "application_namespace": null,
    "lft": 20,
    "in_navigation": true,
    "reverse_id": null,
    "login_required": false,
    "created_by": "js",
    "languages": "pl",
    "publication_end_date": null,
    "template": "article.html",
    "tree_id": 5,
    "placeholders": [
      64
    ],
    "changed_date": "2015-05-14T11:50:06.095Z",
    "limit_visibility_in_menu": null,
    "parent": 23,
    "soft_root": false,
    "is_home": false,
    "publication_date": "2015-05-14T11:44:48.306Z",
    "creation_date": "2015-05-14T11:44:25.835Z",
    "publisher_public": 42,
    "level": 1,
    "changed_by": "js",
    "application_urls": null,
    "publisher_is_draft": true,
    "xframe_options": 0,
    "revision_id": 0
  },
  "model": "cms.page",
  "pk": 41
},
{
  "fields": {
    "rght": 21,
    "navigation_extenders": null,
    "site": 1,
    "application_namespace": null,
    "lft": 20,
    "in_navigation": true,
    "reverse_id": null,
    "login_required": false,
    "created_by": "js",
    "languages": "pl",
    "publication_end_date": null,
    "template": "article.html",
    "tree_id": 6,
    "placeholders": [
      65
    ],
    "changed_date": "2015-05-14T11:50:05.558Z",
    "limit_visibility_in_menu": null,
    "parent": 26,
    "soft_root": false,
    "is_home": false,
    "publication_date": "2015-05-14T11:44:48.306Z",
    "creation_date": "2015-05-14T11:44:48.442Z",
    "publisher_public": 41,
    "level": 1,
    "changed_by": "js",
    "application_urls": null,
    "publisher_is_draft": false,
    "xframe_options": 0,
    "revision_id": 0
  },
  "model": "cms.page",
  "pk": 42
},
{
  "fields": {
    "rght": 3,
    "navigation_extenders": null,
    "site": 1,
    "application_namespace": null,
    "lft": 2,
    "in_navigation": true,
    "reverse_id": null,
    "login_required": false,
    "created_by": "js",
    "languages": "pl",
    "publication_end_date": null,
    "template": "article.html",
    "tree_id": 11,
    "placeholders": [
      66
    ],
    "changed_date": "2015-05-14T11:55:02.211Z",
    "limit_visibility_in_menu": null,
    "parent": 24,
    "soft_root": false,
    "is_home": false,
    "publication_date": "2015-05-14T11:54:55.466Z",
    "creation_date": "2015-05-14T11:52:32.901Z",
    "publisher_public": 44,
    "level": 1,
    "changed_by": "js",
    "application_urls": null,
    "publisher_is_draft": true,
    "xframe_options": 0,
    "revision_id": 0
  },
  "model": "cms.page",
  "pk": 43
},
{
  "fields": {
    "rght": 3,
    "navigation_extenders": null,
    "site": 1,
    "application_namespace": null,
    "lft": 2,
    "in_navigation": true,
    "reverse_id": null,
    "login_required": false,
    "created_by": "js",
    "languages": "pl",
    "publication_end_date": null,
    "template": "article.html",
    "tree_id": 12,
    "placeholders": [
      67
    ],
    "changed_date": "2015-05-14T11:55:01.672Z",
    "limit_visibility_in_menu": null,
    "parent": 27,
    "soft_root": false,
    "is_home": false,
    "publication_date": "2015-05-14T11:54:55.466Z",
    "creation_date": "2015-05-14T11:54:55.575Z",
    "publisher_public": 43,
    "level": 1,
    "changed_by": "js",
    "application_urls": null,
    "publisher_is_draft": false,
    "xframe_options": 0,
    "revision_id": 0
  },
  "model": "cms.page",
  "pk": 44
},
{
  "fields": {
    "rght": 3,
    "navigation_extenders": null,
    "site": 1,
    "application_namespace": null,
    "lft": 2,
    "in_navigation": true,
    "reverse_id": null,
    "login_required": false,
    "created_by": "js",
    "languages": "pl",
    "publication_end_date": null,
    "template": "article.html",
    "tree_id": 13,
    "placeholders": [
      68
    ],
    "changed_date": "2015-05-14T15:26:32.327Z",
    "limit_visibility_in_menu": null,
    "parent": 25,
    "soft_root": false,
    "is_home": false,
    "publication_date": "2015-05-14T15:26:31.157Z",
    "creation_date": "2015-05-14T15:20:50.300Z",
    "publisher_public": 56,
    "level": 1,
    "changed_by": "js",
    "application_urls": null,
    "publisher_is_draft": true,
    "xframe_options": 0,
    "revision_id": 0
  },
  "model": "cms.page",
  "pk": 45
},
{
  "fields": {
    "rght": 5,
    "navigation_extenders": null,
    "site": 1,
    "application_namespace": null,
    "lft": 4,
    "in_navigation": true,
    "reverse_id": null,
    "login_required": false,
    "created_by": "js",
    "languages": "pl",
    "publication_end_date": null,
    "template": "article.html",
    "tree_id": 13,
    "placeholders": [
      69
    ],
    "changed_date": "2015-05-14T15:27:04.404Z",
    "limit_visibility_in_menu": null,
    "parent": 25,
    "soft_root": false,
    "is_home": false,
    "publication_date": "2015-05-14T15:27:03.276Z",
    "creation_date": "2015-05-14T15:21:14.695Z",
    "publisher_public": 57,
    "level": 1,
    "changed_by": "js",
    "application_urls": null,
    "publisher_is_draft": true,
    "xframe_options": 0,
    "revision_id": 0
  },
  "model": "cms.page",
  "pk": 46
},
{
  "fields": {
    "rght": 7,
    "navigation_extenders": null,
    "site": 1,
    "application_namespace": null,
    "lft": 6,
    "in_navigation": true,
    "reverse_id": null,
    "login_required": false,
    "created_by": "js",
    "languages": "pl",
    "publication_end_date": null,
    "template": "article.html",
    "tree_id": 13,
    "placeholders": [
      70
    ],
    "changed_date": "2015-05-14T15:40:48.266Z",
    "limit_visibility_in_menu": null,
    "parent": 25,
    "soft_root": false,
    "is_home": false,
    "publication_date": "2015-05-14T15:40:47.139Z",
    "creation_date": "2015-05-14T15:21:32.029Z",
    "publisher_public": 58,
    "level": 1,
    "changed_by": "js",
    "application_urls": null,
    "publisher_is_draft": true,
    "xframe_options": 0,
    "revision_id": 0
  },
  "model": "cms.page",
  "pk": 47
},
{
  "fields": {
    "rght": 9,
    "navigation_extenders": null,
    "site": 1,
    "application_namespace": null,
    "lft": 8,
    "in_navigation": true,
    "reverse_id": null,
    "login_required": false,
    "created_by": "js",
    "languages": "pl",
    "publication_end_date": null,
    "template": "article.html",
    "tree_id": 13,
    "placeholders": [
      71
    ],
    "changed_date": "2015-05-14T15:40:53.827Z",
    "limit_visibility_in_menu": null,
    "parent": 25,
    "soft_root": false,
    "is_home": false,
    "publication_date": "2015-05-14T15:40:52.875Z",
    "creation_date": "2015-05-14T15:22:04.702Z",
    "publisher_public": 59,
    "level": 1,
    "changed_by": "js",
    "application_urls": null,
    "publisher_is_draft": true,
    "xframe_options": 0,
    "revision_id": 0
  },
  "model": "cms.page",
  "pk": 48
},
{
  "fields": {
    "rght": 11,
    "navigation_extenders": null,
    "site": 1,
    "application_namespace": null,
    "lft": 10,
    "in_navigation": true,
    "reverse_id": null,
    "login_required": false,
    "created_by": "js",
    "languages": "pl",
    "publication_end_date": null,
    "template": "article.html",
    "tree_id": 13,
    "placeholders": [
      72
    ],
    "changed_date": "2015-05-14T15:40:59.631Z",
    "limit_visibility_in_menu": null,
    "parent": 25,
    "soft_root": false,
    "is_home": false,
    "publication_date": "2015-05-14T15:40:58.705Z",
    "creation_date": "2015-05-14T15:22:38.811Z",
    "publisher_public": 60,
    "level": 1,
    "changed_by": "js",
    "application_urls": null,
    "publisher_is_draft": true,
    "xframe_options": 0,
    "revision_id": 0
  },
  "model": "cms.page",
  "pk": 49
},
{
  "fields": {
    "rght": 13,
    "navigation_extenders": null,
    "site": 1,
    "application_namespace": null,
    "lft": 12,
    "in_navigation": true,
    "reverse_id": null,
    "login_required": false,
    "created_by": "js",
    "languages": "pl",
    "publication_end_date": null,
    "template": "article.html",
    "tree_id": 13,
    "placeholders": [
      73
    ],
    "changed_date": "2015-05-14T15:41:05.443Z",
    "limit_visibility_in_menu": null,
    "parent": 25,
    "soft_root": false,
    "is_home": false,
    "publication_date": "2015-05-14T15:41:04.398Z",
    "creation_date": "2015-05-14T15:23:08.352Z",
    "publisher_public": 61,
    "level": 1,
    "changed_by": "js",
    "application_urls": null,
    "publisher_is_draft": true,
    "xframe_options": 0,
    "revision_id": 0
  },
  "model": "cms.page",
  "pk": 50
},
{
  "fields": {
    "rght": 15,
    "navigation_extenders": null,
    "site": 1,
    "application_namespace": null,
    "lft": 14,
    "in_navigation": true,
    "reverse_id": null,
    "login_required": false,
    "created_by": "js",
    "languages": "pl",
    "publication_end_date": null,
    "template": "article.html",
    "tree_id": 13,
    "placeholders": [
      74
    ],
    "changed_date": "2015-05-14T15:41:21.876Z",
    "limit_visibility_in_menu": null,
    "parent": 25,
    "soft_root": false,
    "is_home": false,
    "publication_date": "2015-05-14T15:41:20.875Z",
    "creation_date": "2015-05-14T15:23:39.381Z",
    "publisher_public": 62,
    "level": 1,
    "changed_by": "js",
    "application_urls": null,
    "publisher_is_draft": true,
    "xframe_options": 0,
    "revision_id": 0
  },
  "model": "cms.page",
  "pk": 51
},
{
  "fields": {
    "rght": 17,
    "navigation_extenders": null,
    "site": 1,
    "application_namespace": null,
    "lft": 16,
    "in_navigation": true,
    "reverse_id": null,
    "login_required": false,
    "created_by": "js",
    "languages": "pl",
    "publication_end_date": null,
    "template": "article.html",
    "tree_id": 13,
    "placeholders": [
      75
    ],
    "changed_date": "2015-05-14T15:41:27.862Z",
    "limit_visibility_in_menu": null,
    "parent": 25,
    "soft_root": false,
    "is_home": false,
    "publication_date": "2015-05-14T15:41:26.789Z",
    "creation_date": "2015-05-14T15:24:30.453Z",
    "publisher_public": 63,
    "level": 1,
    "changed_by": "js",
    "application_urls": null,
    "publisher_is_draft": true,
    "xframe_options": 0,
    "revision_id": 0
  },
  "model": "cms.page",
  "pk": 52
},
{
  "fields": {
    "rght": 19,
    "navigation_extenders": null,
    "site": 1,
    "application_namespace": null,
    "lft": 18,
    "in_navigation": true,
    "reverse_id": null,
    "login_required": false,
    "created_by": "js",
    "languages": "pl",
    "publication_end_date": null,
    "template": "article.html",
    "tree_id": 13,
    "placeholders": [
      76
    ],
    "changed_date": "2015-05-14T15:41:34.042Z",
    "limit_visibility_in_menu": null,
    "parent": 25,
    "soft_root": false,
    "is_home": false,
    "publication_date": "2015-05-14T15:41:32.992Z",
    "creation_date": "2015-05-14T15:24:44.980Z",
    "publisher_public": 64,
    "level": 1,
    "changed_by": "js",
    "application_urls": null,
    "publisher_is_draft": true,
    "xframe_options": 0,
    "revision_id": 0
  },
  "model": "cms.page",
  "pk": 53
},
{
  "fields": {
    "rght": 21,
    "navigation_extenders": null,
    "site": 1,
    "application_namespace": null,
    "lft": 20,
    "in_navigation": true,
    "reverse_id": null,
    "login_required": false,
    "created_by": "js",
    "languages": "pl",
    "publication_end_date": null,
    "template": "article.html",
    "tree_id": 13,
    "placeholders": [
      77
    ],
    "changed_date": "2015-05-14T15:41:39.881Z",
    "limit_visibility_in_menu": null,
    "parent": 25,
    "soft_root": false,
    "is_home": false,
    "publication_date": "2015-05-14T15:41:38.838Z",
    "creation_date": "2015-05-14T15:25:04.131Z",
    "publisher_public": 65,
    "level": 1,
    "changed_by": "js",
    "application_urls": null,
    "publisher_is_draft": true,
    "xframe_options": 0,
    "revision_id": 0
  },
  "model": "cms.page",
  "pk": 54
},
{
  "fields": {
    "rght": 23,
    "navigation_extenders": null,
    "site": 1,
    "application_namespace": null,
    "lft": 22,
    "in_navigation": true,
    "reverse_id": null,
    "login_required": false,
    "created_by": "js",
    "languages": "pl",
    "publication_end_date": null,
    "template": "article.html",
    "tree_id": 13,
    "placeholders": [
      78
    ],
    "changed_date": "2015-05-14T15:41:45.529Z",
    "limit_visibility_in_menu": null,
    "parent": 25,
    "soft_root": false,
    "is_home": false,
    "publication_date": "2015-05-14T15:41:44.348Z",
    "creation_date": "2015-05-14T15:26:11.738Z",
    "publisher_public": 66,
    "level": 1,
    "changed_by": "js",
    "application_urls": null,
    "publisher_is_draft": true,
    "xframe_options": 0,
    "revision_id": 0
  },
  "model": "cms.page",
  "pk": 55
},
{
  "fields": {
    "rght": 3,
    "navigation_extenders": null,
    "site": 1,
    "application_namespace": null,
    "lft": 2,
    "in_navigation": true,
    "reverse_id": null,
    "login_required": false,
    "created_by": "js",
    "languages": "pl",
    "publication_end_date": null,
    "template": "article.html",
    "tree_id": 14,
    "placeholders": [
      79
    ],
    "changed_date": "2015-05-14T15:26:31.815Z",
    "limit_visibility_in_menu": null,
    "parent": 28,
    "soft_root": false,
    "is_home": false,
    "publication_date": "2015-05-14T15:26:31.157Z",
    "creation_date": "2015-05-14T15:26:31.294Z",
    "publisher_public": 45,
    "level": 1,
    "changed_by": "js",
    "application_urls": null,
    "publisher_is_draft": false,
    "xframe_options": 0,
    "revision_id": 0
  },
  "model": "cms.page",
  "pk": 56
},
{
  "fields": {
    "rght": 5,
    "navigation_extenders": null,
    "site": 1,
    "application_namespace": null,
    "lft": 4,
    "in_navigation": true,
    "reverse_id": null,
    "login_required": false,
    "created_by": "js",
    "languages": "pl",
    "publication_end_date": null,
    "template": "article.html",
    "tree_id": 14,
    "placeholders": [
      80
    ],
    "changed_date": "2015-05-14T15:27:03.931Z",
    "limit_visibility_in_menu": null,
    "parent": 28,
    "soft_root": false,
    "is_home": false,
    "publication_date": "2015-05-14T15:27:03.276Z",
    "creation_date": "2015-05-14T15:27:03.448Z",
    "publisher_public": 46,
    "level": 1,
    "changed_by": "js",
    "application_urls": null,
    "publisher_is_draft": false,
    "xframe_options": 0,
    "revision_id": 0
  },
  "model": "cms.page",
  "pk": 57
},
{
  "fields": {
    "rght": 7,
    "navigation_extenders": null,
    "site": 1,
    "application_namespace": null,
    "lft": 6,
    "in_navigation": true,
    "reverse_id": null,
    "login_required": false,
    "created_by": "js",
    "languages": "pl",
    "publication_end_date": null,
    "template": "article.html",
    "tree_id": 14,
    "placeholders": [
      81
    ],
    "changed_date": "2015-05-14T15:40:47.877Z",
    "limit_visibility_in_menu": null,
    "parent": 28,
    "soft_root": false,
    "is_home": false,
    "publication_date": "2015-05-14T15:40:47.139Z",
    "creation_date": "2015-05-14T15:40:47.290Z",
    "publisher_public": 47,
    "level": 1,
    "changed_by": "js",
    "application_urls": null,
    "publisher_is_draft": false,
    "xframe_options": 0,
    "revision_id": 0
  },
  "model": "cms.page",
  "pk": 58
},
{
  "fields": {
    "rght": 9,
    "navigation_extenders": null,
    "site": 1,
    "application_namespace": null,
    "lft": 8,
    "in_navigation": true,
    "reverse_id": null,
    "login_required": false,
    "created_by": "js",
    "languages": "pl",
    "publication_end_date": null,
    "template": "article.html",
    "tree_id": 14,
    "placeholders": [
      82
    ],
    "changed_date": "2015-05-14T15:40:53.448Z",
    "limit_visibility_in_menu": null,
    "parent": 28,
    "soft_root": false,
    "is_home": false,
    "publication_date": "2015-05-14T15:40:52.875Z",
    "creation_date": "2015-05-14T15:40:53.031Z",
    "publisher_public": 48,
    "level": 1,
    "changed_by": "js",
    "application_urls": null,
    "publisher_is_draft": false,
    "xframe_options": 0,
    "revision_id": 0
  },
  "model": "cms.page",
  "pk": 59
},
{
  "fields": {
    "rght": 11,
    "navigation_extenders": null,
    "site": 1,
    "application_namespace": null,
    "lft": 10,
    "in_navigation": true,
    "reverse_id": null,
    "login_required": false,
    "created_by": "js",
    "languages": "pl",
    "publication_end_date": null,
    "template": "article.html",
    "tree_id": 14,
    "placeholders": [
      83
    ],
    "changed_date": "2015-05-14T15:40:59.217Z",
    "limit_visibility_in_menu": null,
    "parent": 28,
    "soft_root": false,
    "is_home": false,
    "publication_date": "2015-05-14T15:40:58.705Z",
    "creation_date": "2015-05-14T15:40:58.820Z",
    "publisher_public": 49,
    "level": 1,
    "changed_by": "js",
    "application_urls": null,
    "publisher_is_draft": false,
    "xframe_options": 0,
    "revision_id": 0
  },
  "model": "cms.page",
  "pk": 60
},
{
  "fields": {
    "rght": 13,
    "navigation_extenders": null,
    "site": 1,
    "application_namespace": null,
    "lft": 12,
    "in_navigation": true,
    "reverse_id": null,
    "login_required": false,
    "created_by": "js",
    "languages": "pl",
    "publication_end_date": null,
    "template": "article.html",
    "tree_id": 14,
    "placeholders": [
      84
    ],
    "changed_date": "2015-05-14T15:41:04.975Z",
    "limit_visibility_in_menu": null,
    "parent": 28,
    "soft_root": false,
    "is_home": false,
    "publication_date": "2015-05-14T15:41:04.398Z",
    "creation_date": "2015-05-14T15:41:04.513Z",
    "publisher_public": 50,
    "level": 1,
    "changed_by": "js",
    "application_urls": null,
    "publisher_is_draft": false,
    "xframe_options": 0,
    "revision_id": 0
  },
  "model": "cms.page",
  "pk": 61
},
{
  "fields": {
    "rght": 15,
    "navigation_extenders": null,
    "site": 1,
    "application_namespace": null,
    "lft": 14,
    "in_navigation": true,
    "reverse_id": null,
    "login_required": false,
    "created_by": "js",
    "languages": "pl",
    "publication_end_date": null,
    "template": "article.html",
    "tree_id": 14,
    "placeholders": [
      85
    ],
    "changed_date": "2015-05-14T15:41:21.414Z",
    "limit_visibility_in_menu": null,
    "parent": 28,
    "soft_root": false,
    "is_home": false,
    "publication_date": "2015-05-14T15:41:20.875Z",
    "creation_date": "2015-05-14T15:41:20.987Z",
    "publisher_public": 51,
    "level": 1,
    "changed_by": "js",
    "application_urls": null,
    "publisher_is_draft": false,
    "xframe_options": 0,
    "revision_id": 0
  },
  "model": "cms.page",
  "pk": 62
},
{
  "fields": {
    "rght": 17,
    "navigation_extenders": null,
    "site": 1,
    "application_namespace": null,
    "lft": 16,
    "in_navigation": true,
    "reverse_id": null,
    "login_required": false,
    "created_by": "js",
    "languages": "pl",
    "publication_end_date": null,
    "template": "article.html",
    "tree_id": 14,
    "placeholders": [
      86
    ],
    "changed_date": "2015-05-14T15:41:27.392Z",
    "limit_visibility_in_menu": null,
    "parent": 28,
    "soft_root": false,
    "is_home": false,
    "publication_date": "2015-05-14T15:41:26.789Z",
    "creation_date": "2015-05-14T15:41:26.931Z",
    "publisher_public": 52,
    "level": 1,
    "changed_by": "js",
    "application_urls": null,
    "publisher_is_draft": false,
    "xframe_options": 0,
    "revision_id": 0
  },
  "model": "cms.page",
  "pk": 63
},
{
  "fields": {
    "rght": 19,
    "navigation_extenders": null,
    "site": 1,
    "application_namespace": null,
    "lft": 18,
    "in_navigation": true,
    "reverse_id": null,
    "login_required": false,
    "created_by": "js",
    "languages": "pl",
    "publication_end_date": null,
    "template": "article.html",
    "tree_id": 14,
    "placeholders": [
      87
    ],
    "changed_date": "2015-05-14T15:41:33.585Z",
    "limit_visibility_in_menu": null,
    "parent": 28,
    "soft_root": false,
    "is_home": false,
    "publication_date": "2015-05-14T15:41:32.992Z",
    "creation_date": "2015-05-14T15:41:33.140Z",
    "publisher_public": 53,
    "level": 1,
    "changed_by": "js",
    "application_urls": null,
    "publisher_is_draft": false,
    "xframe_options": 0,
    "revision_id": 0
  },
  "model": "cms.page",
  "pk": 64
},
{
  "fields": {
    "rght": 21,
    "navigation_extenders": null,
    "site": 1,
    "application_namespace": null,
    "lft": 20,
    "in_navigation": true,
    "reverse_id": null,
    "login_required": false,
    "created_by": "js",
    "languages": "pl",
    "publication_end_date": null,
    "template": "article.html",
    "tree_id": 14,
    "placeholders": [
      88
    ],
    "changed_date": "2015-05-14T15:41:39.362Z",
    "limit_visibility_in_menu": null,
    "parent": 28,
    "soft_root": false,
    "is_home": false,
    "publication_date": "2015-05-14T15:41:38.838Z",
    "creation_date": "2015-05-14T15:41:38.944Z",
    "publisher_public": 54,
    "level": 1,
    "changed_by": "js",
    "application_urls": null,
    "publisher_is_draft": false,
    "xframe_options": 0,
    "revision_id": 0
  },
  "model": "cms.page",
  "pk": 65
},
{
  "fields": {
    "rght": 23,
    "navigation_extenders": null,
    "site": 1,
    "application_namespace": null,
    "lft": 22,
    "in_navigation": true,
    "reverse_id": null,
    "login_required": false,
    "created_by": "js",
    "languages": "pl",
    "publication_end_date": null,
    "template": "article.html",
    "tree_id": 14,
    "placeholders": [
      89
    ],
    "changed_date": "2015-05-14T15:41:44.949Z",
    "limit_visibility_in_menu": null,
    "parent": 28,
    "soft_root": false,
    "is_home": false,
    "publication_date": "2015-05-14T15:41:44.348Z",
    "creation_date": "2015-05-14T15:41:44.484Z",
    "publisher_public": 55,
    "level": 1,
    "changed_by": "js",
    "application_urls": null,
    "publisher_is_draft": false,
    "xframe_options": 0,
    "revision_id": 0
  },
  "model": "cms.page",
  "pk": 66
},
{
  "fields": {
    "menu_title": "start",
    "meta_description": "",
    "page_title": "",
    "language": "pl",
    "title": "Liceum, Gimnazjum i Szko\u0142a podstawowa PSPO",
    "has_url_overwrite": false,
    "redirect": "",
    "publisher_is_draft": true,
    "page": 1,
    "published": true,
    "path": "",
    "publisher_state": 0,
    "creation_date": "2015-05-07T12:23:31.084Z",
    "slug": "start",
    "publisher_public": 2
  },
  "model": "cms.title",
  "pk": 1
},
{
  "fields": {
    "menu_title": "start",
    "meta_description": "",
    "page_title": "",
    "language": "pl",
    "title": "Liceum, Gimnazjum i Szko\u0142a podstawowa PSPO",
    "has_url_overwrite": false,
    "redirect": "",
    "publisher_is_draft": false,
    "page": 2,
    "published": true,
    "path": "",
    "publisher_state": 0,
    "creation_date": "2015-05-07T12:23:31.084Z",
    "slug": "start",
    "publisher_public": 1
  },
  "model": "cms.title",
  "pk": 2
},
{
  "fields": {
    "menu_title": "",
    "meta_description": "",
    "page_title": "",
    "language": "pl",
    "title": "Aktualno\u015bci",
    "has_url_overwrite": false,
    "redirect": "",
    "publisher_is_draft": true,
    "page": 3,
    "published": true,
    "path": "aktualnosci",
    "publisher_state": 0,
    "creation_date": "2015-05-07T12:23:39.634Z",
    "slug": "aktualnosci",
    "publisher_public": 16
  },
  "model": "cms.title",
  "pk": 3
},
{
  "fields": {
    "menu_title": "",
    "meta_description": "",
    "page_title": "",
    "language": "pl",
    "title": "Kontakt",
    "has_url_overwrite": false,
    "redirect": null,
    "publisher_is_draft": true,
    "page": 4,
    "published": true,
    "path": "kontakt",
    "publisher_state": 0,
    "creation_date": "2015-05-07T12:24:10.505Z",
    "slug": "kontakt",
    "publisher_public": 17
  },
  "model": "cms.title",
  "pk": 4
},
{
  "fields": {
    "menu_title": "",
    "meta_description": "",
    "page_title": "",
    "language": "pl",
    "title": "O nas",
    "has_url_overwrite": false,
    "redirect": null,
    "publisher_is_draft": true,
    "page": 5,
    "published": true,
    "path": "o-nas",
    "publisher_state": 0,
    "creation_date": "2015-05-07T12:24:23.927Z",
    "slug": "o-nas",
    "publisher_public": 11
  },
  "model": "cms.title",
  "pk": 5
},
{
  "fields": {
    "menu_title": "",
    "meta_description": "",
    "page_title": "",
    "language": "pl",
    "title": "Organizacja",
    "has_url_overwrite": false,
    "redirect": null,
    "publisher_is_draft": true,
    "page": 6,
    "published": true,
    "path": "liceum/organizacja",
    "publisher_state": 0,
    "creation_date": "2015-05-07T12:24:31.931Z",
    "slug": "organizacja",
    "publisher_public": 18
  },
  "model": "cms.title",
  "pk": 6
},
{
  "fields": {
    "menu_title": "Rekrutacja",
    "meta_description": "",
    "page_title": "",
    "language": "pl",
    "title": "Rekrutacja na rok szkolny 2015/2016",
    "has_url_overwrite": false,
    "redirect": null,
    "publisher_is_draft": true,
    "page": 7,
    "published": true,
    "path": "liceum/rekrutacja",
    "publisher_state": 0,
    "creation_date": "2015-05-07T12:24:47.128Z",
    "slug": "rekrutacja",
    "publisher_public": 14
  },
  "model": "cms.title",
  "pk": 7
},
{
  "fields": {
    "menu_title": "",
    "meta_description": "",
    "page_title": "",
    "language": "pl",
    "title": "Nauczyciele",
    "has_url_overwrite": false,
    "redirect": null,
    "publisher_is_draft": true,
    "page": 8,
    "published": true,
    "path": "o-nas/nauczyciele",
    "publisher_state": 0,
    "creation_date": "2015-05-07T12:24:59.188Z",
    "slug": "nauczyciele",
    "publisher_public": 12
  },
  "model": "cms.title",
  "pk": 8
},
{
  "fields": {
    "menu_title": "atmosfera",
    "meta_description": "",
    "page_title": "",
    "language": "pl",
    "title": "Fantastyczna atmosfera",
    "has_url_overwrite": false,
    "redirect": null,
    "publisher_is_draft": true,
    "page": 9,
    "published": true,
    "path": "o-nas/atmosfera",
    "publisher_state": 0,
    "creation_date": "2015-05-07T12:25:08.858Z",
    "slug": "atmosfera",
    "publisher_public": 13
  },
  "model": "cms.title",
  "pk": 9
},
{
  "fields": {
    "menu_title": "",
    "meta_description": "",
    "page_title": "",
    "language": "pl",
    "title": "Galeria",
    "has_url_overwrite": false,
    "redirect": null,
    "publisher_is_draft": true,
    "page": 10,
    "published": true,
    "path": "liceum/galeria",
    "publisher_state": 0,
    "creation_date": "2015-05-07T12:26:27.405Z",
    "slug": "galeria",
    "publisher_public": 15
  },
  "model": "cms.title",
  "pk": 10
},
{
  "fields": {
    "menu_title": "",
    "meta_description": "",
    "page_title": "",
    "language": "pl",
    "title": "O nas",
    "has_url_overwrite": false,
    "redirect": null,
    "publisher_is_draft": false,
    "page": 11,
    "published": true,
    "path": "o-nas",
    "publisher_state": 1,
    "creation_date": "2015-05-07T12:24:23.927Z",
    "slug": "o-nas",
    "publisher_public": 5
  },
  "model": "cms.title",
  "pk": 11
},
{
  "fields": {
    "menu_title": "",
    "meta_description": "",
    "page_title": "",
    "language": "pl",
    "title": "Nauczyciele",
    "has_url_overwrite": false,
    "redirect": null,
    "publisher_is_draft": false,
    "page": 12,
    "published": true,
    "path": "o-nas/nauczyciele",
    "publisher_state": 1,
    "creation_date": "2015-05-07T12:24:59.188Z",
    "slug": "nauczyciele",
    "publisher_public": 8
  },
  "model": "cms.title",
  "pk": 12
},
{
  "fields": {
    "menu_title": "atmosfera",
    "meta_description": "",
    "page_title": "",
    "language": "pl",
    "title": "Fantastyczna atmosfera",
    "has_url_overwrite": false,
    "redirect": null,
    "publisher_is_draft": false,
    "page": 13,
    "published": true,
    "path": "o-nas/atmosfera",
    "publisher_state": 1,
    "creation_date": "2015-05-07T12:25:08.858Z",
    "slug": "atmosfera",
    "publisher_public": 9
  },
  "model": "cms.title",
  "pk": 13
},
{
  "fields": {
    "menu_title": "Rekrutacja",
    "meta_description": "",
    "page_title": "",
    "language": "pl",
    "title": "Rekrutacja na rok szkolny 2015/2016",
    "has_url_overwrite": false,
    "redirect": null,
    "publisher_is_draft": false,
    "page": 14,
    "published": true,
    "path": "rekrutacja",
    "publisher_state": 1,
    "creation_date": "2015-05-07T12:24:47.128Z",
    "slug": "rekrutacja",
    "publisher_public": 7
  },
  "model": "cms.title",
  "pk": 14
},
{
  "fields": {
    "menu_title": "",
    "meta_description": "",
    "page_title": "",
    "language": "pl",
    "title": "Galeria",
    "has_url_overwrite": false,
    "redirect": null,
    "publisher_is_draft": false,
    "page": 15,
    "published": true,
    "path": "galeria",
    "publisher_state": 0,
    "creation_date": "2015-05-07T12:26:27.405Z",
    "slug": "galeria",
    "publisher_public": 10
  },
  "model": "cms.title",
  "pk": 15
},
{
  "fields": {
    "menu_title": "",
    "meta_description": "",
    "page_title": "",
    "language": "pl",
    "title": "Aktualno\u015bci",
    "has_url_overwrite": false,
    "redirect": "",
    "publisher_is_draft": false,
    "page": 16,
    "published": true,
    "path": "aktualnosci",
    "publisher_state": 0,
    "creation_date": "2015-05-07T12:23:39.634Z",
    "slug": "aktualnosci",
    "publisher_public": 3
  },
  "model": "cms.title",
  "pk": 16
},
{
  "fields": {
    "menu_title": "",
    "meta_description": "",
    "page_title": "",
    "language": "pl",
    "title": "Kontakt",
    "has_url_overwrite": false,
    "redirect": null,
    "publisher_is_draft": false,
    "page": 17,
    "published": true,
    "path": "kontakt",
    "publisher_state": 0,
    "creation_date": "2015-05-07T12:24:10.505Z",
    "slug": "kontakt",
    "publisher_public": 4
  },
  "model": "cms.title",
  "pk": 17
},
{
  "fields": {
    "menu_title": "",
    "meta_description": "",
    "page_title": "",
    "language": "pl",
    "title": "Organizacja",
    "has_url_overwrite": false,
    "redirect": null,
    "publisher_is_draft": false,
    "page": 18,
    "published": true,
    "path": "organizacja",
    "publisher_state": 0,
    "creation_date": "2015-05-07T12:24:31.931Z",
    "slug": "organizacja",
    "publisher_public": 6
  },
  "model": "cms.title",
  "pk": 18
},
{
  "fields": {
    "menu_title": "",
    "meta_description": "",
    "page_title": "",
    "language": "pl",
    "title": "Izabela Okrasa",
    "has_url_overwrite": false,
    "redirect": null,
    "publisher_is_draft": true,
    "page": 19,
    "published": true,
    "path": "o-nas/nauczyciele/izabela-okrasa",
    "publisher_state": 0,
    "creation_date": "2015-05-08T10:40:14.216Z",
    "slug": "izabela-okrasa",
    "publisher_public": 22
  },
  "model": "cms.title",
  "pk": 19
},
{
  "fields": {
    "menu_title": "",
    "meta_description": "",
    "page_title": "",
    "language": "pl",
    "title": "Renata Mielnicka",
    "has_url_overwrite": false,
    "redirect": null,
    "publisher_is_draft": true,
    "page": 20,
    "published": true,
    "path": "o-nas/nauczyciele/renata-mielnicka",
    "publisher_state": 0,
    "creation_date": "2015-05-08T11:04:28.707Z",
    "slug": "renata-mielnicka",
    "publisher_public": 21
  },
  "model": "cms.title",
  "pk": 20
},
{
  "fields": {
    "menu_title": "",
    "meta_description": "",
    "page_title": "",
    "language": "pl",
    "title": "Renata Mielnicka",
    "has_url_overwrite": false,
    "redirect": null,
    "publisher_is_draft": false,
    "page": 21,
    "published": true,
    "path": "o-nas/nauczyciele/renata-mielnicka",
    "publisher_state": 1,
    "creation_date": "2015-05-08T11:04:28.707Z",
    "slug": "renata-mielnicka",
    "publisher_public": 20
  },
  "model": "cms.title",
  "pk": 21
},
{
  "fields": {
    "menu_title": "",
    "meta_description": "",
    "page_title": "",
    "language": "pl",
    "title": "Izabela Okrasa",
    "has_url_overwrite": false,
    "redirect": null,
    "publisher_is_draft": false,
    "page": 22,
    "published": true,
    "path": "o-nas/nauczyciele/izabela-okrasa",
    "publisher_state": 1,
    "creation_date": "2015-05-08T10:40:14.216Z",
    "slug": "izabela-okrasa",
    "publisher_public": 19
  },
  "model": "cms.title",
  "pk": 22
},
{
  "fields": {
    "menu_title": "Liceum",
    "meta_description": "",
    "page_title": "",
    "language": "pl",
    "title": "Liceum Og\u00f3lnokszta\u0142c\u0105ce Niepubliczne nr 43",
    "has_url_overwrite": false,
    "redirect": null,
    "publisher_is_draft": true,
    "page": 23,
    "published": true,
    "path": "liceum",
    "publisher_state": 0,
    "creation_date": "2015-05-14T10:27:31.813Z",
    "slug": "liceum",
    "publisher_public": 26
  },
  "model": "cms.title",
  "pk": 23
},
{
  "fields": {
    "menu_title": "Gimnazjum",
    "meta_description": "",
    "page_title": "",
    "language": "pl",
    "title": "Gimnazjum Niepubliczne nr 12 z Oddzia\u0142ami Dwuj\u0119zycznymi",
    "has_url_overwrite": false,
    "redirect": null,
    "publisher_is_draft": true,
    "page": 24,
    "published": true,
    "path": "gimnazjum",
    "publisher_state": 0,
    "creation_date": "2015-05-14T10:28:26.154Z",
    "slug": "gimnazjum",
    "publisher_public": 27
  },
  "model": "cms.title",
  "pk": 24
},
{
  "fields": {
    "menu_title": "Szko\u0142a podstawowa",
    "meta_description": "",
    "page_title": "",
    "language": "pl",
    "title": "Spo\u0142eczna Szko\u0142a Podstawowa nr 13",
    "has_url_overwrite": false,
    "redirect": null,
    "publisher_is_draft": true,
    "page": 25,
    "published": true,
    "path": "szkola-podstawowa",
    "publisher_state": 0,
    "creation_date": "2015-05-14T10:28:53.923Z",
    "slug": "szkola-podstawowa",
    "publisher_public": 28
  },
  "model": "cms.title",
  "pk": 25
},
{
  "fields": {
    "menu_title": "Liceum",
    "meta_description": "",
    "page_title": "",
    "language": "pl",
    "title": "Liceum Og\u00f3lnokszta\u0142c\u0105ce Niepubliczne nr 43",
    "has_url_overwrite": false,
    "redirect": null,
    "publisher_is_draft": false,
    "page": 26,
    "published": true,
    "path": "liceum",
    "publisher_state": 1,
    "creation_date": "2015-05-14T10:27:31.813Z",
    "slug": "liceum",
    "publisher_public": 23
  },
  "model": "cms.title",
  "pk": 26
},
{
  "fields": {
    "menu_title": "Gimnazjum",
    "meta_description": "",
    "page_title": "",
    "language": "pl",
    "title": "Gimnazjum Niepubliczne nr 12 z Oddzia\u0142ami Dwuj\u0119zycznymi",
    "has_url_overwrite": false,
    "redirect": null,
    "publisher_is_draft": false,
    "page": 27,
    "published": true,
    "path": "gimnazjum",
    "publisher_state": 0,
    "creation_date": "2015-05-14T10:28:26.154Z",
    "slug": "gimnazjum",
    "publisher_public": 24
  },
  "model": "cms.title",
  "pk": 27
},
{
  "fields": {
    "menu_title": "Szko\u0142a podstawowa",
    "meta_description": "",
    "page_title": "",
    "language": "pl",
    "title": "Spo\u0142eczna Szko\u0142a Podstawowa nr 13",
    "has_url_overwrite": false,
    "redirect": null,
    "publisher_is_draft": false,
    "page": 28,
    "published": true,
    "path": "szkola-podstawowa",
    "publisher_state": 0,
    "creation_date": "2015-05-14T10:28:53.923Z",
    "slug": "szkola-podstawowa",
    "publisher_public": 25
  },
  "model": "cms.title",
  "pk": 28
},
{
  "fields": {
    "menu_title": "",
    "meta_description": "",
    "page_title": "",
    "language": "pl",
    "title": "Plan lekcji",
    "has_url_overwrite": false,
    "redirect": null,
    "publisher_is_draft": true,
    "page": 29,
    "published": true,
    "path": "liceum/plan-lekcji",
    "publisher_state": 0,
    "creation_date": "2015-05-14T10:46:43.711Z",
    "slug": "plan-lekcji",
    "publisher_public": 30
  },
  "model": "cms.title",
  "pk": 29
},
{
  "fields": {
    "menu_title": "",
    "meta_description": "",
    "page_title": "",
    "language": "pl",
    "title": "Plan lekcji",
    "has_url_overwrite": false,
    "redirect": null,
    "publisher_is_draft": false,
    "page": 30,
    "published": true,
    "path": "liceum/plan-lekcji",
    "publisher_state": 0,
    "creation_date": "2015-05-14T10:46:43.711Z",
    "slug": "plan-lekcji",
    "publisher_public": 29
  },
  "model": "cms.title",
  "pk": 30
},
{
  "fields": {
    "menu_title": "podreczniki",
    "meta_description": "",
    "page_title": "",
    "language": "pl",
    "title": "Podr\u0119czniki Liceum",
    "has_url_overwrite": false,
    "redirect": null,
    "publisher_is_draft": true,
    "page": 31,
    "published": true,
    "path": "liceum/podreczniki",
    "publisher_state": 0,
    "creation_date": "2015-05-14T10:47:48.383Z",
    "slug": "podreczniki",
    "publisher_public": 34
  },
  "model": "cms.title",
  "pk": 31
},
{
  "fields": {
    "menu_title": "program",
    "meta_description": "",
    "page_title": "",
    "language": "pl",
    "title": "Program nauczania Liceum",
    "has_url_overwrite": false,
    "redirect": null,
    "publisher_is_draft": true,
    "page": 32,
    "published": true,
    "path": "liceum/program-nauczania",
    "publisher_state": 0,
    "creation_date": "2015-05-14T10:48:40.822Z",
    "slug": "program-nauczania",
    "publisher_public": 35
  },
  "model": "cms.title",
  "pk": 32
},
{
  "fields": {
    "menu_title": "Kalendarz ",
    "meta_description": "",
    "page_title": "",
    "language": "pl",
    "title": "Kalendarz liceum",
    "has_url_overwrite": false,
    "redirect": null,
    "publisher_is_draft": true,
    "page": 33,
    "published": true,
    "path": "liceum/kalendarz-liceum",
    "publisher_state": 0,
    "creation_date": "2015-05-14T10:49:33.682Z",
    "slug": "kalendarz-liceum",
    "publisher_public": 36
  },
  "model": "cms.title",
  "pk": 33
},
{
  "fields": {
    "menu_title": "podreczniki",
    "meta_description": "",
    "page_title": "",
    "language": "pl",
    "title": "Podr\u0119czniki Liceum",
    "has_url_overwrite": false,
    "redirect": null,
    "publisher_is_draft": false,
    "page": 34,
    "published": true,
    "path": "liceum/podreczniki",
    "publisher_state": 0,
    "creation_date": "2015-05-14T10:47:48.383Z",
    "slug": "podreczniki",
    "publisher_public": 31
  },
  "model": "cms.title",
  "pk": 34
},
{
  "fields": {
    "menu_title": "program",
    "meta_description": "",
    "page_title": "",
    "language": "pl",
    "title": "Program nauczania Liceum",
    "has_url_overwrite": false,
    "redirect": null,
    "publisher_is_draft": false,
    "page": 35,
    "published": true,
    "path": "liceum/program-nauczania",
    "publisher_state": 0,
    "creation_date": "2015-05-14T10:48:40.822Z",
    "slug": "program-nauczania",
    "publisher_public": 32
  },
  "model": "cms.title",
  "pk": 35
},
{
  "fields": {
    "menu_title": "Kalendarz ",
    "meta_description": "",
    "page_title": "",
    "language": "pl",
    "title": "Kalendarz liceum",
    "has_url_overwrite": false,
    "redirect": null,
    "publisher_is_draft": false,
    "page": 36,
    "published": true,
    "path": "liceum/kalendarz-liceum",
    "publisher_state": 0,
    "creation_date": "2015-05-14T10:49:33.682Z",
    "slug": "kalendarz-liceum",
    "publisher_public": 33
  },
  "model": "cms.title",
  "pk": 36
},
{
  "fields": {
    "menu_title": "Zebrania",
    "meta_description": "",
    "page_title": "",
    "language": "pl",
    "title": "Zebrania z rodzicami w gimnazjum i liceum",
    "has_url_overwrite": false,
    "redirect": null,
    "publisher_is_draft": true,
    "page": 37,
    "published": true,
    "path": "liceum/zebrania",
    "publisher_state": 0,
    "creation_date": "2015-05-14T10:59:08.965Z",
    "slug": "zebrania",
    "publisher_public": 39
  },
  "model": "cms.title",
  "pk": 37
},
{
  "fields": {
    "menu_title": "Egzamin ",
    "meta_description": "",
    "page_title": "",
    "language": "pl",
    "title": "Egzamin gimnazjalny",
    "has_url_overwrite": false,
    "redirect": null,
    "publisher_is_draft": true,
    "page": 38,
    "published": true,
    "path": "liceum/egzamin",
    "publisher_state": 0,
    "creation_date": "2015-05-14T11:00:03.487Z",
    "slug": "egzamin",
    "publisher_public": 40
  },
  "model": "cms.title",
  "pk": 38
},
{
  "fields": {
    "menu_title": "Zebrania",
    "meta_description": "",
    "page_title": "",
    "language": "pl",
    "title": "Zebrania z rodzicami w gimnazjum i liceum",
    "has_url_overwrite": false,
    "redirect": null,
    "publisher_is_draft": false,
    "page": 39,
    "published": true,
    "path": "liceum/zebrania",
    "publisher_state": 0,
    "creation_date": "2015-05-14T10:59:08.965Z",
    "slug": "zebrania",
    "publisher_public": 37
  },
  "model": "cms.title",
  "pk": 39
},
{
  "fields": {
    "menu_title": "Egzamin ",
    "meta_description": "",
    "page_title": "",
    "language": "pl",
    "title": "Egzamin gimnazjalny",
    "has_url_overwrite": false,
    "redirect": null,
    "publisher_is_draft": false,
    "page": 40,
    "published": true,
    "path": "liceum/egzamin",
    "publisher_state": 0,
    "creation_date": "2015-05-14T11:00:03.487Z",
    "slug": "egzamin",
    "publisher_public": 38
  },
  "model": "cms.title",
  "pk": 40
},
{
  "fields": {
    "menu_title": "Blog",
    "meta_description": "",
    "page_title": "Wysokie Loty - blog Gimnazjum i Liceum im. Lotnik\u00f3w Ameryka\u0144skich",
    "language": "pl",
    "title": "Wysokie Loty - blog Gimnazjum i Liceum",
    "has_url_overwrite": false,
    "redirect": null,
    "publisher_is_draft": true,
    "page": 41,
    "published": true,
    "path": "liceum/blog",
    "publisher_state": 0,
    "creation_date": "2015-05-14T11:44:26.147Z",
    "slug": "blog",
    "publisher_public": 42
  },
  "model": "cms.title",
  "pk": 41
},
{
  "fields": {
    "menu_title": "Blog",
    "meta_description": "",
    "page_title": "Wysokie Loty - blog Gimnazjum i Liceum im. Lotnik\u00f3w Ameryka\u0144skich",
    "language": "pl",
    "title": "Wysokie Loty - blog Gimnazjum i Liceum",
    "has_url_overwrite": false,
    "redirect": null,
    "publisher_is_draft": false,
    "page": 42,
    "published": true,
    "path": "liceum/blog",
    "publisher_state": 1,
    "creation_date": "2015-05-14T11:44:26.147Z",
    "slug": "blog",
    "publisher_public": 41
  },
  "model": "cms.title",
  "pk": 42
},
{
  "fields": {
    "menu_title": "Blog",
    "meta_description": "",
    "page_title": "W",
    "language": "pl",
    "title": "Wysokie Loty - blog Gimnazjum i Liceum",
    "has_url_overwrite": false,
    "redirect": null,
    "publisher_is_draft": true,
    "page": 43,
    "published": true,
    "path": "gimnazjum/blog",
    "publisher_state": 0,
    "creation_date": "2015-05-14T11:52:33.237Z",
    "slug": "blog",
    "publisher_public": 44
  },
  "model": "cms.title",
  "pk": 43
},
{
  "fields": {
    "menu_title": "Blog",
    "meta_description": "",
    "page_title": "W",
    "language": "pl",
    "title": "Wysokie Loty - blog Gimnazjum i Liceum",
    "has_url_overwrite": false,
    "redirect": null,
    "publisher_is_draft": false,
    "page": 44,
    "published": true,
    "path": "gimnazjum/blog",
    "publisher_state": 1,
    "creation_date": "2015-05-14T11:52:33.237Z",
    "slug": "blog",
    "publisher_public": 43
  },
  "model": "cms.title",
  "pk": 44
},
{
  "fields": {
    "menu_title": "Rekrutacja",
    "meta_description": "",
    "page_title": "",
    "language": "pl",
    "title": "Rekrutacja na rok szkolny 2015/2016",
    "has_url_overwrite": false,
    "redirect": null,
    "publisher_is_draft": true,
    "page": 45,
    "published": true,
    "path": "szkola-podstawowa/rekrutacja",
    "publisher_state": 0,
    "creation_date": "2015-05-14T15:20:50.626Z",
    "slug": "rekrutacja",
    "publisher_public": 56
  },
  "model": "cms.title",
  "pk": 45
},
{
  "fields": {
    "menu_title": "",
    "meta_description": "",
    "page_title": "",
    "language": "pl",
    "title": "Galeria",
    "has_url_overwrite": false,
    "redirect": null,
    "publisher_is_draft": true,
    "page": 46,
    "published": true,
    "path": "szkola-podstawowa/galeria",
    "publisher_state": 0,
    "creation_date": "2015-05-14T15:21:15.020Z",
    "slug": "galeria",
    "publisher_public": 57
  },
  "model": "cms.title",
  "pk": 46
},
{
  "fields": {
    "menu_title": "",
    "meta_description": "",
    "page_title": "",
    "language": "pl",
    "title": "Plan lekcji",
    "has_url_overwrite": false,
    "redirect": null,
    "publisher_is_draft": true,
    "page": 47,
    "published": true,
    "path": "szkola-podstawowa/plan-lekcji",
    "publisher_state": 0,
    "creation_date": "2015-05-14T15:21:32.343Z",
    "slug": "plan-lekcji",
    "publisher_public": 58
  },
  "model": "cms.title",
  "pk": 47
},
{
  "fields": {
    "menu_title": "Podr\u0119czniki ",
    "meta_description": "",
    "page_title": "",
    "language": "pl",
    "title": "Podr\u0119czniki szko\u0142a podstawowa",
    "has_url_overwrite": false,
    "redirect": null,
    "publisher_is_draft": true,
    "page": 48,
    "published": true,
    "path": "szkola-podstawowa/podreczniki",
    "publisher_state": 0,
    "creation_date": "2015-05-14T15:22:04.984Z",
    "slug": "podreczniki",
    "publisher_public": 59
  },
  "model": "cms.title",
  "pk": 48
},
{
  "fields": {
    "menu_title": "Program",
    "meta_description": "",
    "page_title": "",
    "language": "pl",
    "title": "Program nauczania Szko\u0142a Podstawowa",
    "has_url_overwrite": false,
    "redirect": null,
    "publisher_is_draft": true,
    "page": 49,
    "published": true,
    "path": "szkola-podstawowa/program",
    "publisher_state": 0,
    "creation_date": "2015-05-14T15:22:39.164Z",
    "slug": "program",
    "publisher_public": 60
  },
  "model": "cms.title",
  "pk": 49
},
{
  "fields": {
    "menu_title": "Kalendarz ",
    "meta_description": "",
    "page_title": "",
    "language": "pl",
    "title": "Kalendarz szko\u0142y podstaowej",
    "has_url_overwrite": false,
    "redirect": null,
    "publisher_is_draft": true,
    "page": 50,
    "published": true,
    "path": "szkola-podstawowa/kalendarz",
    "publisher_state": 0,
    "creation_date": "2015-05-14T15:23:08.735Z",
    "slug": "kalendarz",
    "publisher_public": 61
  },
  "model": "cms.title",
  "pk": 50
},
{
  "fields": {
    "menu_title": "Zebrania ",
    "meta_description": "",
    "page_title": "",
    "language": "pl",
    "title": "Zebrania z rodzicami w szkole podstawowej",
    "has_url_overwrite": false,
    "redirect": null,
    "publisher_is_draft": true,
    "page": 51,
    "published": true,
    "path": "szkola-podstawowa/zebrania",
    "publisher_state": 0,
    "creation_date": "2015-05-14T15:23:39.747Z",
    "slug": "zebrania",
    "publisher_public": 62
  },
  "model": "cms.title",
  "pk": 51
},
{
  "fields": {
    "menu_title": "",
    "meta_description": "",
    "page_title": "",
    "language": "pl",
    "title": "Lektury",
    "has_url_overwrite": false,
    "redirect": null,
    "publisher_is_draft": true,
    "page": 52,
    "published": true,
    "path": "szkola-podstawowa/lektury",
    "publisher_state": 0,
    "creation_date": "2015-05-14T15:24:30.805Z",
    "slug": "lektury",
    "publisher_public": 63
  },
  "model": "cms.title",
  "pk": 52
},
{
  "fields": {
    "menu_title": "",
    "meta_description": "",
    "page_title": "",
    "language": "pl",
    "title": "Dzwonki",
    "has_url_overwrite": false,
    "redirect": null,
    "publisher_is_draft": true,
    "page": 53,
    "published": true,
    "path": "szkola-podstawowa/dzwonki",
    "publisher_state": 0,
    "creation_date": "2015-05-14T15:24:45.339Z",
    "slug": "dzwonki",
    "publisher_public": 64
  },
  "model": "cms.title",
  "pk": 53
},
{
  "fields": {
    "menu_title": "",
    "meta_description": "",
    "page_title": "",
    "language": "pl",
    "title": "Liga zadaniowa",
    "has_url_overwrite": false,
    "redirect": null,
    "publisher_is_draft": true,
    "page": 54,
    "published": true,
    "path": "szkola-podstawowa/liga-zadaniowa",
    "publisher_state": 0,
    "creation_date": "2015-05-14T15:25:04.515Z",
    "slug": "liga-zadaniowa",
    "publisher_public": 65
  },
  "model": "cms.title",
  "pk": 54
},
{
  "fields": {
    "menu_title": "\u015awietlica ",
    "meta_description": "",
    "page_title": "",
    "language": "pl",
    "title": "\u015awietlica szko\u0142y podstawowej",
    "has_url_overwrite": false,
    "redirect": null,
    "publisher_is_draft": true,
    "page": 55,
    "published": true,
    "path": "szkola-podstawowa/swietlica",
    "publisher_state": 0,
    "creation_date": "2015-05-14T15:26:12.142Z",
    "slug": "swietlica",
    "publisher_public": 66
  },
  "model": "cms.title",
  "pk": 55
},
{
  "fields": {
    "menu_title": "Rekrutacja",
    "meta_description": "",
    "page_title": "",
    "language": "pl",
    "title": "Rekrutacja na rok szkolny 2015/2016",
    "has_url_overwrite": false,
    "redirect": null,
    "publisher_is_draft": false,
    "page": 56,
    "published": true,
    "path": "szkola-podstawowa/rekrutacja",
    "publisher_state": 0,
    "creation_date": "2015-05-14T15:20:50.626Z",
    "slug": "rekrutacja",
    "publisher_public": 45
  },
  "model": "cms.title",
  "pk": 56
},
{
  "fields": {
    "menu_title": "",
    "meta_description": "",
    "page_title": "",
    "language": "pl",
    "title": "Galeria",
    "has_url_overwrite": false,
    "redirect": null,
    "publisher_is_draft": false,
    "page": 57,
    "published": true,
    "path": "szkola-podstawowa/galeria",
    "publisher_state": 0,
    "creation_date": "2015-05-14T15:21:15.020Z",
    "slug": "galeria",
    "publisher_public": 46
  },
  "model": "cms.title",
  "pk": 57
},
{
  "fields": {
    "menu_title": "",
    "meta_description": "",
    "page_title": "",
    "language": "pl",
    "title": "Plan lekcji",
    "has_url_overwrite": false,
    "redirect": null,
    "publisher_is_draft": false,
    "page": 58,
    "published": true,
    "path": "szkola-podstawowa/plan-lekcji",
    "publisher_state": 0,
    "creation_date": "2015-05-14T15:21:32.343Z",
    "slug": "plan-lekcji",
    "publisher_public": 47
  },
  "model": "cms.title",
  "pk": 58
},
{
  "fields": {
    "menu_title": "Podr\u0119czniki ",
    "meta_description": "",
    "page_title": "",
    "language": "pl",
    "title": "Podr\u0119czniki szko\u0142a podstawowa",
    "has_url_overwrite": false,
    "redirect": null,
    "publisher_is_draft": false,
    "page": 59,
    "published": true,
    "path": "szkola-podstawowa/podreczniki",
    "publisher_state": 0,
    "creation_date": "2015-05-14T15:22:04.984Z",
    "slug": "podreczniki",
    "publisher_public": 48
  },
  "model": "cms.title",
  "pk": 59
},
{
  "fields": {
    "menu_title": "Program",
    "meta_description": "",
    "page_title": "",
    "language": "pl",
    "title": "Program nauczania Szko\u0142a Podstawowa",
    "has_url_overwrite": false,
    "redirect": null,
    "publisher_is_draft": false,
    "page": 60,
    "published": true,
    "path": "szkola-podstawowa/program",
    "publisher_state": 0,
    "creation_date": "2015-05-14T15:22:39.164Z",
    "slug": "program",
    "publisher_public": 49
  },
  "model": "cms.title",
  "pk": 60
},
{
  "fields": {
    "menu_title": "Kalendarz ",
    "meta_description": "",
    "page_title": "",
    "language": "pl",
    "title": "Kalendarz szko\u0142y podstaowej",
    "has_url_overwrite": false,
    "redirect": null,
    "publisher_is_draft": false,
    "page": 61,
    "published": true,
    "path": "szkola-podstawowa/kalendarz",
    "publisher_state": 0,
    "creation_date": "2015-05-14T15:23:08.735Z",
    "slug": "kalendarz",
    "publisher_public": 50
  },
  "model": "cms.title",
  "pk": 61
},
{
  "fields": {
    "menu_title": "Zebrania ",
    "meta_description": "",
    "page_title": "",
    "language": "pl",
    "title": "Zebrania z rodzicami w szkole podstawowej",
    "has_url_overwrite": false,
    "redirect": null,
    "publisher_is_draft": false,
    "page": 62,
    "published": true,
    "path": "szkola-podstawowa/zebrania",
    "publisher_state": 0,
    "creation_date": "2015-05-14T15:23:39.747Z",
    "slug": "zebrania",
    "publisher_public": 51
  },
  "model": "cms.title",
  "pk": 62
},
{
  "fields": {
    "menu_title": "",
    "meta_description": "",
    "page_title": "",
    "language": "pl",
    "title": "Lektury",
    "has_url_overwrite": false,
    "redirect": null,
    "publisher_is_draft": false,
    "page": 63,
    "published": true,
    "path": "szkola-podstawowa/lektury",
    "publisher_state": 0,
    "creation_date": "2015-05-14T15:24:30.805Z",
    "slug": "lektury",
    "publisher_public": 52
  },
  "model": "cms.title",
  "pk": 63
},
{
  "fields": {
    "menu_title": "",
    "meta_description": "",
    "page_title": "",
    "language": "pl",
    "title": "Dzwonki",
    "has_url_overwrite": false,
    "redirect": null,
    "publisher_is_draft": false,
    "page": 64,
    "published": true,
    "path": "szkola-podstawowa/dzwonki",
    "publisher_state": 0,
    "creation_date": "2015-05-14T15:24:45.339Z",
    "slug": "dzwonki",
    "publisher_public": 53
  },
  "model": "cms.title",
  "pk": 64
},
{
  "fields": {
    "menu_title": "",
    "meta_description": "",
    "page_title": "",
    "language": "pl",
    "title": "Liga zadaniowa",
    "has_url_overwrite": false,
    "redirect": null,
    "publisher_is_draft": false,
    "page": 65,
    "published": true,
    "path": "szkola-podstawowa/liga-zadaniowa",
    "publisher_state": 0,
    "creation_date": "2015-05-14T15:25:04.515Z",
    "slug": "liga-zadaniowa",
    "publisher_public": 54
  },
  "model": "cms.title",
  "pk": 65
},
{
  "fields": {
    "menu_title": "\u015awietlica ",
    "meta_description": "",
    "page_title": "",
    "language": "pl",
    "title": "\u015awietlica szko\u0142y podstawowej",
    "has_url_overwrite": false,
    "redirect": null,
    "publisher_is_draft": false,
    "page": 66,
    "published": true,
    "path": "szkola-podstawowa/swietlica",
    "publisher_state": 0,
    "creation_date": "2015-05-14T15:26:12.142Z",
    "slug": "swietlica",
    "publisher_public": 55
  },
  "model": "cms.title",
  "pk": 66
},
{
  "fields": {
    "alias_placeholder": 64,
    "plugin": null
  },
  "model": "cms.aliaspluginmodel",
  "pk": 29
},
{
  "fields": {
    "alias_placeholder": 64,
    "plugin": null
  },
  "model": "cms.aliaspluginmodel",
  "pk": 30
},
{
  "fields": {
    "alias_placeholder": 64,
    "plugin": null
  },
  "model": "cms.aliaspluginmodel",
  "pk": 32
}
]
